"observer","proc__SID","personality__E_outgoing","consistency__E_outgoing","personality__A_kind","consistency__A_kind","personality__posEmo","consistency__posEmo","personality__negEmo","consistency__negEmo","personality__C_reliable","consistency__C_reliable","personality__happy","consistency__happy","personality__N_worried","consistency__N_worried","personality__selfEsteem","consistency__selfEsteem"
1,"4",NA,NA,NA,NA,NA,NA,NA,NA,NA,NA,NA,NA,NA,NA,NA,NA
1,"5",NA,NA,NA,NA,NA,NA,NA,NA,NA,NA,NA,NA,NA,NA,NA,NA
1,"10",NA,NA,NA,NA,NA,NA,NA,NA,NA,NA,NA,NA,NA,NA,NA,NA
1,"11",NA,NA,NA,NA,NA,NA,NA,NA,NA,NA,NA,NA,NA,NA,NA,NA
1,"12",NA,NA,NA,NA,NA,NA,NA,NA,NA,NA,NA,NA,NA,NA,NA,NA
1,"17",NA,NA,NA,NA,NA,NA,NA,NA,NA,NA,NA,NA,NA,NA,NA,NA
1,"18",5,4,5,4,4,3,2,2,5,4,5,3,3,3,5,4
1,"23",NA,NA,NA,NA,NA,NA,NA,NA,NA,NA,NA,NA,NA,NA,NA,NA
1,"31",NA,NA,NA,NA,NA,NA,NA,NA,NA,NA,NA,NA,NA,NA,NA,NA
1,"35",NA,NA,NA,NA,NA,NA,NA,NA,NA,NA,NA,NA,NA,NA,NA,NA
1,"51",NA,NA,NA,NA,NA,NA,NA,NA,NA,NA,NA,NA,NA,NA,NA,NA
1,"57",NA,NA,NA,NA,NA,NA,NA,NA,NA,NA,NA,NA,NA,NA,NA,NA
1,"62",4,3,4,3,4,3,4,3,3,3,4,3,3,3,3,2
1,"64",NA,NA,NA,NA,NA,NA,NA,NA,NA,NA,NA,NA,NA,NA,NA,NA
1,"78",NA,NA,NA,NA,NA,NA,NA,NA,NA,NA,NA,NA,NA,NA,NA,NA
1,"85",NA,NA,NA,NA,NA,NA,NA,NA,NA,NA,NA,NA,NA,NA,NA,NA
1,"86",4,3,5,3,4,3,3,2,4,3,5,3,2,3,4,3
1,"89",2,3,5,3,3,3,4,3,5,3,3,2,4,3,1,3
1,"90",2,3,5,4,4,3,3,3,4,3,4,3,4,4,2,3
1,"91",4,3,5,3,5,4,1,4,5,4,5,3,1,3,5,3
1,"93",4,3,5,3,5,3,2,3,5,4,5,3,2,3,5,3
1,"98",NA,NA,NA,NA,NA,NA,NA,NA,NA,NA,NA,NA,NA,NA,NA,NA
1,"102",4,3,3,2,3,2,3,2,2,3,4,2,3,2,2,2
1,"103",4,4,4,3,4,3,3,3,4,3,5,3,2,3,4,3
1,"10116",4,3,5,3,4,4,2,3,4,3,4,3,2,3,4,3
1,"10122",3,3,4,3,3,3,3,3,4,3,4,3,3,3,2,3
1,"10131",5,4,4,3,5,3,2,3,4,3,5,3,2,3,5,3
1,"10132",2,3,4,3,4,2,3,2,4,2,4,2,3,2,3,3
1,"10145",4,3,3,3,3,3,4,3,3,3,4,3,2,3,4,3
1,"10147",3,3,3,3,4,3,2,3,4,3,4,3,2,3,3,3
1,"10149",3,3,3,2,4,3,3,3,2,3,4,3,1,3,4,3
1,"10157",5,4,5,4,4,3,2,2,5,4,3,2,3,2,3,3
1,"10160",5,4,5,4,5,4,2,3,5,3,5,3,3,3,4,3
1,"10164",2,3,4,1,3,1,2,1,4,1,4,2,2,3,3,1
1,"10171",4,3,5,4,3,3,1,3,5,4,4,3,4,3,3,3
1,"10173",4,3,5,3,4,2,2,2,5,3,4,3,1,3,5,4
1,"10177",4,3,5,3,2,2,5,2,2,2,2,2,5,3,3,2
1,"10180",1,4,4,3,2,3,4,3,5,3,2,2,5,3,1,2
1,"10184",3,4,4,4,4,3,4,4,5,4,4,3,5,4,3,3
1,"10198",NA,NA,NA,NA,NA,NA,NA,NA,NA,NA,NA,NA,NA,NA,NA,NA
1,"10199",4,3,4,3,5,3,3,2,3,2,5,3,2,3,3,3
1,"10200",4,2,4,3,3,3,3,3,4,3,3,3,3,3,2,3
1,"10202",4,3,2,2,4,3,3,3,3,3,4,3,2,2,5,4
1,"10203",1,4,1,4,1,4,1,4,1,4,1,4,1,4,1,4
1,"10204",4,3,4,3,4,3,2,3,3,3,4,3,2,3,4,3
1,"10207",3,1,4,3,5,3,2,3,4,3,4,3,1,3,5,3
1,"10213",3,3,4,4,4,3,2,3,4,3,4,3,2,3,4,3
1,"10215",5,3,4,3,2,3,4,3,5,4,4,2,5,3,2,3
1,"10219",NA,NA,NA,NA,NA,NA,NA,NA,NA,NA,NA,NA,NA,NA,NA,NA
1,"10230",3,3,4,3,4,3,2,3,5,4,4,3,2,3,2,3
1,"10231",4,3,4,3,5,4,2,3,5,3,4,3,2,3,4,4
1,"10233",5,3,5,4,5,4,2,3,5,4,5,3,1,3,5,3
1,"10274",2,3,5,4,5,4,4,3,5,4,5,4,4,3,3,3
1,"10276",4,3,5,4,2,1,5,3,3,2,3,2,4,3,1,4
1,"10315",4,3,5,3,4,3,2,3,5,3,5,3,2,3,4,3
1,"10320",3,3,4,3,3,2,2,2,4,3,4,3,3,2,3,2
1,"10322",2,3,4,3,3,2,4,3,4,2,3,1,2,3,1,3
1,"10329",NA,NA,NA,NA,NA,NA,NA,NA,NA,NA,NA,NA,NA,NA,NA,NA
1,"10338",3,3,4,3,3,2,3,1,4,3,4,2,4,3,3,3
1,"10347",2,3,5,3,4,2,3,2,5,4,3,3,4,3,2,3
1,"10353",4,3,4,3,4,3,2,3,2,2,5,3,1,3,5,4
1,"10359",4,3,5,3,3,3,3,3,5,4,4,3,2,3,3,3
1,"10369",5,3,4,3,4,3,2,3,5,4,3,3,4,3,2,3
1,"10388",4,3,4,3,2,2,4,2,4,3,3,2,4,3,2,3
1,"10390",5,3,3,2,2,2,3,3,2,2,4,3,1,3,5,4
1,"10398",5,4,5,4,4,4,1,4,5,4,4,4,2,3,4,3
1,"10404",2,3,5,3,3,3,3,2,5,3,4,3,3,2,4,3
1,"10413",3,3,4,3,4,3,4,2,5,4,4,3,1,3,4,3
1,"10418",3,3,4,3,3,3,2,3,5,3,4,2,4,2,4,3
1,"10421",4,3,4,3,4,3,2,2,4,3,4,3,3,2,4,3
1,"10426",2,3,4,3,3,2,4,3,3,3,2,2,4,3,3,3
1,"10429",3,3,4,4,4,3,2,2,5,3,5,3,3,3,4,4
1,"10436",4,3,5,4,5,3,2,3,5,3,5,3,1,3,4,3
1,"10437",4,3,4,3,4,3,2,2,5,4,4,4,3,3,5,3
1,"10439",5,3,5,4,5,4,2,3,4,3,4,3,3,2,4,3
1,"10441",3,3,5,3,2,3,4,3,4,3,2,3,4,3,3,3
1,"10451",4,3,5,4,4,3,5,4,5,4,4,3,4,2,5,4
1,"10452",NA,NA,NA,NA,NA,NA,NA,NA,NA,NA,NA,NA,NA,NA,NA,NA
1,"10461",3,3,5,4,4,3,2,3,4,3,4,3,1,4,4,3
1,"10480",NA,NA,NA,NA,NA,NA,NA,NA,NA,NA,NA,NA,NA,NA,NA,NA
1,"10485",NA,NA,NA,NA,NA,NA,NA,NA,NA,NA,NA,NA,NA,NA,NA,NA
1,"10509",4,3,4,3,4,3,3,3,4,3,4,2,3,3,3,3
1,"10523",4,2,5,4,4,3,3,2,4,3,4,3,3,2,3,3
1,"10524",4,3,4,2,5,3,2,3,4,3,4,3,3,2,4,3
1,"10528",5,3,5,4,4,3,3,3,5,4,4,3,2,3,4,3
1,"10537",4,3,4,3,4,3,2,3,4,3,4,3,2,3,4,3
1,"10538",5,3,5,3,4,3,4,3,4,3,3,3,4,3,3,3
1,"10541",4,3,3,3,5,3,2,3,5,3,4,3,2,4,4,3
2,"2",NA,NA,NA,NA,NA,NA,NA,NA,NA,NA,NA,NA,NA,NA,NA,NA
2,"7",NA,NA,NA,NA,NA,NA,NA,NA,NA,NA,NA,NA,NA,NA,NA,NA
2,"10",NA,NA,NA,NA,NA,NA,NA,NA,NA,NA,NA,NA,NA,NA,NA,NA
2,"11",NA,NA,NA,NA,NA,NA,NA,NA,NA,NA,NA,NA,NA,NA,NA,NA
2,"12",NA,NA,NA,NA,NA,NA,NA,NA,NA,NA,NA,NA,NA,NA,NA,NA
2,"18",4,3,4,3,3,2,2,3,4,3,4,3,2,3,4,3
2,"20",NA,NA,NA,NA,NA,NA,NA,NA,NA,NA,NA,NA,NA,NA,NA,NA
2,"22",3,2,4,3,4,3,3,2,4,3,4,3,2,2,3,2
2,"23",4,3,5,3,5,3,2,3,5,3,5,3,2,3,5,3
2,"26",NA,NA,NA,NA,NA,NA,NA,NA,NA,NA,NA,NA,NA,NA,NA,NA
2,"31",NA,NA,NA,NA,NA,NA,NA,NA,NA,NA,NA,NA,NA,NA,NA,NA
2,"35",2,3,4,3,4,3,3,3,4,3,4,3,3,3,3,3
2,"36",3,3,2,3,2,2,4,2,3,3,2,3,4,3,3,3
2,"37",5,4,4,4,5,4,2,4,4,4,5,4,2,4,4,4
2,"40",NA,NA,NA,NA,NA,NA,NA,NA,NA,NA,NA,NA,NA,NA,NA,NA
2,"44",3,2,5,3,4,2,4,3,4,3,4,2,4,2,3,2
2,"45",5,4,5,4,5,3,1,3,5,4,4,3,2,3,5,3
2,"46",2,3,4,4,4,3,2,3,5,3,4,3,4,3,5,4
2,"49",3,2,4,2,3,3,2,2,4,3,4,3,3,2,3,3
2,"51",NA,NA,NA,NA,NA,NA,NA,NA,NA,NA,NA,NA,NA,NA,NA,NA
2,"53",5,4,5,3,3,3,2,2,2,2,5,3,3,3,5,4
2,"54",NA,NA,NA,NA,NA,NA,NA,NA,NA,NA,NA,NA,NA,NA,NA,NA
2,"56",NA,NA,NA,NA,NA,NA,NA,NA,NA,NA,NA,NA,NA,NA,NA,NA
2,"57",NA,NA,NA,NA,NA,NA,NA,NA,NA,NA,NA,NA,NA,NA,NA,NA
2,"59",NA,NA,NA,NA,NA,NA,NA,NA,NA,NA,NA,NA,NA,NA,NA,NA
2,"61",NA,NA,NA,NA,NA,NA,NA,NA,NA,NA,NA,NA,NA,NA,NA,NA
2,"62",4,3,4,3,4,3,2,3,4,3,4,3,3,3,4,3
2,"64",NA,NA,NA,NA,NA,NA,NA,NA,NA,NA,NA,NA,NA,NA,NA,NA
2,"68",NA,NA,NA,NA,NA,NA,NA,NA,NA,NA,NA,NA,NA,NA,NA,NA
2,"70",3,2,3,3,4,3,4,4,4,3,4,3,3,3,4,3
2,"71",NA,NA,NA,NA,NA,NA,NA,NA,NA,NA,NA,NA,NA,NA,NA,NA
2,"73",NA,NA,NA,NA,NA,NA,NA,NA,NA,NA,NA,NA,NA,NA,NA,NA
2,"74",NA,NA,NA,NA,NA,NA,NA,NA,NA,NA,NA,NA,NA,NA,NA,NA
2,"78",NA,NA,NA,NA,NA,NA,NA,NA,NA,NA,NA,NA,NA,NA,NA,NA
2,"79",NA,NA,NA,NA,NA,NA,NA,NA,NA,NA,NA,NA,NA,NA,NA,NA
2,"81",5,3,4,3,4,3,2,3,4,3,4,3,2,3,4,3
2,"83",5,4,3,2,4,3,1,3,4,3,4,3,1,4,4,3
2,"85",NA,NA,NA,NA,NA,NA,NA,NA,NA,NA,NA,NA,NA,NA,NA,NA
2,"86",3,3,5,4,4,3,2,4,5,4,4,3,2,3,4,4
2,"87",5,4,3,3,5,4,1,4,4,3,5,4,1,4,5,4
2,"88",NA,NA,NA,NA,NA,NA,NA,NA,NA,NA,NA,NA,NA,NA,NA,NA
2,"89",4,2,4,3,3,2,3,2,4,3,4,2,3,3,1,3
2,"90",3,3,4,3,3,1,2,3,3,3,4,3,1,3,3,3
2,"91",4,2,3,3,5,4,3,3,3,2,5,3,2,4,3,2
2,"92",4,3,4,3,5,3,2,3,4,3,5,3,2,2,5,3
2,"94",4,3,4,2,4,2,3,2,5,3,4,3,4,3,5,2
2,"95",5,3,2,1,4,3,2,2,2,3,4,2,2,1,2,1
2,"97",5,3,4,3,4,3,2,3,4,3,4,3,2,3,4,2
2,"98",5,3,4,1,4,3,2,3,4,2,4,3,1,4,4,4
2,"103",4,3,4,2,4,2,4,2,4,2,4,3,3,1,3,3
2,"104",4,4,5,3,5,3,1,3,5,3,5,3,4,3,3,3
2,"10105",4,4,2,2,3,3,1,2,4,4,4,3,4,3,4,3
2,"10106",5,3,3,3,4,3,2,3,3,3,5,4,3,3,4,3
2,"10107",4,2,3,2,4,2,3,2,5,3,4,2,2,3,5,3
2,"10108",5,2,5,2,5,1,4,1,5,3,5,1,4,2,2,3
2,"10109",3,3,5,4,5,4,2,3,4,3,4,3,2,4,4,3
2,"10111",4,3,5,4,5,3,1,3,4,2,5,4,2,3,5,3
2,"10112",3,3,5,4,4,3,2,3,5,4,4,3,4,2,4,3
2,"10116",2,3,5,3,5,3,2,3,5,4,4,3,2,3,4,3
2,"10117",NA,NA,NA,NA,NA,NA,NA,NA,NA,NA,NA,NA,NA,NA,NA,NA
2,"10121",NA,NA,NA,NA,NA,NA,NA,NA,NA,NA,NA,NA,NA,NA,NA,NA
2,"10123",5,3,4,3,4,3,2,3,5,4,4,3,3,2,4,3
2,"10124",4,3,4,3,4,3,4,3,3,3,3,3,4,3,4,3
2,"10125",4,3,5,4,4,3,3,2,4,3,3,3,2,3,4,3
2,"10127",5,3,4,4,4,3,2,3,3,3,5,3,2,3,3,4
2,"10128",4,3,4,3,4,3,4,3,4,3,4,3,4,3,5,3
2,"10129",1,4,2,2,1,3,5,3,5,4,3,4,1,4,1,4
2,"10131",5,4,4,3,5,3,2,3,3,3,5,3,2,3,5,3
2,"10133",2,3,5,3,3,2,3,2,4,3,3,3,3,3,2,3
2,"10134",2,2,4,3,5,4,2,3,4,3,5,3,2,3,5,4
2,"10136",3,3,4,3,4,3,3,3,4,3,3,3,2,3,4,3
2,"10137",4,2,3,2,3,2,4,2,2,2,3,2,3,3,4,3
2,"10139",5,3,4,4,4,3,2,3,4,3,4,3,3,2,4,2
2,"10141",4,3,5,4,5,4,3,3,4,3,4,3,3,3,3,2
2,"10143",3,2,5,3,4,3,4,2,5,4,3,3,2,2,4,3
2,"10144",2,3,3,3,2,2,4,3,5,4,2,3,4,3,3,3
2,"10145",3,3,4,3,4,2,2,3,3,3,5,3,3,3,4,3
2,"10148",3,3,4,3,3,3,3,2,4,3,4,3,3,3,4,3
2,"10149",4,3,5,4,4,3,1,3,3,3,4,3,2,3,2,3
2,"10150",2,3,5,3,3,3,3,3,4,3,3,2,4,3,3,2
2,"10151",2,3,5,3,5,3,2,3,5,3,4,3,2,3,5,3
2,"10153",2,4,4,3,3,3,3,3,5,4,2,3,2,3,2,4
2,"10155",4,3,4,3,4,3,2,3,5,3,4,3,2,3,4,2
2,"10157",4,3,5,4,3,3,2,3,4,3,4,3,2,3,4,3
2,"10158",3,2,2,2,3,3,4,3,2,3,4,3,5,3,3,3
2,"10160",5,4,4,3,4,3,2,3,2,1,4,3,3,3,4,3
2,"10162",2,2,3,3,2,2,3,3,2,3,3,2,5,4,2,3
2,"10166",4,3,5,3,3,2,3,2,4,3,3,2,4,3,2,3
2,"10171",3,3,5,4,3,3,2,3,5,4,4,3,3,2,4,3
2,"10172",3,2,4,3,3,3,2,3,4,3,4,3,2,2,4,2
2,"10173",4,3,3,3,4,2,3,2,4,3,4,3,2,2,2,2
2,"10174",4,3,3,1,3,1,4,2,4,3,2,3,2,3,1,2
2,"10175",NA,NA,NA,NA,NA,NA,NA,NA,NA,NA,NA,NA,NA,NA,NA,NA
2,"10176",4,3,4,3,3,3,2,2,3,3,3,3,3,2,4,3
2,"10177",4,4,4,3,3,2,3,3,4,3,4,3,5,4,4,2
2,"10180",4,2,4,3,3,3,4,3,3,3,3,3,2,3,3,2
2,"10181",NA,NA,NA,NA,NA,NA,NA,NA,NA,NA,NA,NA,NA,NA,NA,NA
2,"10184",4,2,4,3,4,3,4,3,4,3,4,2,4,2,4,3
2,"10185",4,3,4,2,4,2,2,2,4,2,4,3,2,3,5,3
2,"10186",4,3,5,3,3,3,3,3,4,3,4,3,3,3,3,3
2,"10188",4,2,4,3,3,1,3,1,2,2,3,1,4,3,4,3
2,"10190",2,3,5,3,5,3,3,3,5,3,4,3,2,3,5,3
2,"10194",4,2,4,3,4,1,3,1,1,4,4,2,2,3,2,3
2,"10196",4,3,5,3,3,3,3,3,4,3,3,2,3,3,2,3
2,"10197",4,3,5,4,5,3,2,3,5,4,4,3,2,3,4,3
2,"10198",2,3,5,4,5,2,2,2,5,3,4,3,4,2,2,3
2,"10199",NA,NA,NA,NA,NA,NA,NA,NA,NA,NA,NA,NA,NA,NA,NA,NA
2,"10200",5,3,4,3,4,3,2,3,3,3,4,3,4,3,4,3
2,"10204",5,3,3,3,4,3,2,2,3,3,4,3,1,3,5,3
2,"10205",4,3,2,2,4,3,2,3,4,3,4,3,3,2,4,3
2,"10206",5,3,5,3,5,3,3,3,4,3,5,3,2,3,5,3
2,"10207",NA,NA,NA,NA,NA,NA,NA,NA,NA,NA,NA,NA,NA,NA,NA,NA
2,"10208",5,3,5,3,4,3,4,3,4,3,2,3,3,3,3,3
2,"10213",NA,NA,NA,NA,NA,NA,NA,NA,NA,NA,NA,NA,NA,NA,NA,NA
2,"10214",5,4,4,3,5,3,2,2,5,3,4,3,2,3,5,4
2,"10219",NA,NA,NA,NA,NA,NA,NA,NA,NA,NA,NA,NA,NA,NA,NA,NA
2,"10223",4,3,3,3,5,4,1,4,5,3,4,3,2,2,4,3
2,"10228",NA,NA,NA,NA,NA,NA,NA,NA,NA,NA,NA,NA,NA,NA,NA,NA
2,"10231",5,3,5,3,4,3,2,3,5,4,4,3,4,3,4,3
2,"10233",4,3,5,4,5,3,2,3,5,3,5,3,2,3,5,4
2,"10236",4,3,4,2,3,2,3,2,5,3,2,3,1,4,5,4
2,"10239",4,1,4,3,3,1,3,1,5,3,4,2,4,3,2,3
2,"10240",3,3,5,3,4,3,3,3,5,3,4,3,3,3,3,3
2,"10241",2,3,4,3,3,3,3,2,4,3,4,3,3,1,3,3
2,"10243",4,3,4,3,3,3,3,2,3,3,3,3,3,3,3,3
2,"10248",4,3,4,3,3,2,3,2,4,3,3,3,3,3,3,3
2,"10249",4,3,5,3,4,3,3,3,5,4,3,3,3,2,3,3
2,"10253",NA,NA,NA,NA,NA,NA,NA,NA,NA,NA,NA,NA,NA,NA,NA,NA
2,"10258",4,2,4,3,3,2,4,3,4,3,4,2,5,3,3,3
2,"10259",5,3,5,4,3,2,3,2,4,3,3,3,1,3,4,3
2,"10266",5,4,5,4,5,4,2,3,5,4,4,3,1,4,5,4
2,"10267",4,3,4,3,4,3,3,2,4,4,4,4,3,3,5,4
2,"10268",5,4,4,4,3,3,3,2,4,3,4,3,3,3,3,3
2,"10270",4,3,5,3,4,3,2,3,5,3,4,3,2,3,4,3
2,"10271",5,3,4,3,4,3,3,2,4,3,4,3,2,2,4,3
2,"10274",3,3,4,3,4,3,2,3,5,3,4,3,3,3,4,3
2,"10275",NA,NA,NA,NA,NA,NA,NA,NA,NA,NA,NA,NA,NA,NA,NA,NA
2,"10280",3,3,5,3,5,3,2,3,4,3,5,3,3,2,3,3
2,"10281",2,4,4,3,3,2,3,3,4,3,3,3,3,3,2,3
2,"10291",5,3,3,3,4,3,2,3,3,3,4,3,2,3,5,4
2,"10292",NA,NA,NA,NA,NA,NA,NA,NA,NA,NA,NA,NA,NA,NA,NA,NA
2,"10293",NA,NA,NA,NA,NA,NA,NA,NA,NA,NA,NA,NA,NA,NA,NA,NA
2,"10294",5,4,4,4,5,3,2,3,5,4,4,3,2,3,4,3
2,"10295",3,2,4,3,2,3,2,2,4,3,2,2,5,3,3,3
2,"10301",5,4,5,4,5,4,1,4,5,4,5,4,1,4,5,4
2,"10304",NA,NA,NA,NA,NA,NA,NA,NA,NA,NA,NA,NA,NA,NA,NA,NA
2,"10308",4,3,4,3,5,3,3,2,5,4,4,3,2,3,4,3
2,"10309",NA,NA,NA,NA,NA,NA,NA,NA,NA,NA,NA,NA,NA,NA,NA,NA
2,"10310",5,2,4,3,4,3,3,1,3,2,4,2,2,3,3,3
2,"10311",3,3,4,3,4,3,1,3,5,3,4,3,2,3,5,4
2,"10312",5,3,4,3,4,3,2,2,4,3,4,3,2,3,4,3
2,"10313",4,3,5,4,4,3,2,2,5,4,4,3,4,3,2,2
2,"10314",5,3,5,4,4,3,3,3,4,4,5,4,2,3,5,4
2,"10317",NA,NA,NA,NA,NA,NA,NA,NA,NA,NA,NA,NA,NA,NA,NA,NA
2,"10318",NA,NA,NA,NA,NA,NA,NA,NA,NA,NA,NA,NA,NA,NA,NA,NA
2,"10325",4,3,4,2,4,3,2,3,4,3,4,3,2,3,3,2
2,"10328",4,2,5,3,3,3,4,3,5,4,3,2,4,3,3,2
2,"10329",4,3,4,3,5,3,2,2,5,3,4,3,3,2,4,3
2,"10332",4,3,5,3,4,2,2,2,4,3,4,3,4,2,3,3
2,"10333",4,3,3,3,4,3,3,2,4,3,3,3,3,2,4,3
2,"10336",NA,NA,NA,NA,NA,NA,NA,NA,NA,NA,NA,NA,NA,NA,NA,NA
2,"10340",5,4,4,3,4,3,3,3,5,3,4,4,2,3,5,3
2,"10342",3,3,5,4,4,3,2,3,5,4,4,3,1,4,5,4
2,"10343",5,2,3,2,2,2,5,1,4,2,3,2,1,4,5,4
2,"10345",5,4,5,4,5,3,2,2,5,3,5,3,4,3,3,3
2,"10348",3,3,3,3,4,3,3,2,4,3,4,3,4,3,4,3
2,"10349",4,3,4,3,3,2,3,2,4,3,4,3,5,3,3,2
2,"10352",4,3,4,3,4,3,3,2,4,3,4,3,3,3,5,3
2,"10360",4,3,5,3,5,3,2,3,5,3,5,3,2,3,4,4
2,"10363",4,3,5,3,4,3,3,2,5,4,4,3,3,2,5,3
2,"10366",NA,NA,NA,NA,NA,NA,NA,NA,NA,NA,NA,NA,NA,NA,NA,NA
2,"10367",3,3,5,4,4,3,2,3,5,4,5,3,3,3,3,3
2,"10368",NA,NA,NA,NA,NA,NA,NA,NA,NA,NA,NA,NA,NA,NA,NA,NA
2,"10369",3,3,2,3,3,3,2,2,4,3,3,3,2,3,4,3
2,"10371",4,3,4,3,4,3,2,3,2,2,4,3,2,3,4,3
2,"10373",4,3,4,4,4,3,2,3,4,3,4,3,3,3,4,3
2,"10381",4,3,3,3,4,2,2,3,4,3,4,3,2,3,5,3
2,"10382",4,3,5,3,4,3,2,3,5,4,4,3,3,3,4,3
2,"10383",NA,NA,NA,NA,NA,NA,NA,NA,NA,NA,NA,NA,NA,NA,NA,NA
2,"10388",4,3,4,3,4,3,2,3,4,3,4,3,2,3,4,3
2,"10389",2,3,4,3,3,3,3,3,4,3,3,3,4,3,3,3
2,"10390",4,4,4,3,3,3,1,3,4,3,4,4,1,4,5,4
2,"10395",4,3,4,3,4,3,2,3,4,4,4,3,2,3,3,2
2,"10397",3,1,4,3,3,3,3,3,4,3,3,3,4,3,2,3
2,"10398",4,3,5,4,4,3,2,3,4,3,4,3,3,2,4,3
2,"10399",4,3,5,3,5,3,1,3,5,3,4,3,2,3,5,3
2,"10404",2,3,4,3,3,3,3,2,4,3,2,3,4,2,3,3
2,"10411",4,3,4,4,4,2,2,3,4,3,3,2,2,3,4,3
2,"10413",4,3,4,3,3,3,2,3,3,2,4,3,3,3,4,3
2,"10415",4,3,4,3,3,3,3,3,3,2,3,3,3,3,2,2
2,"10417",5,4,4,3,4,3,3,2,4,4,4,3,3,3,3,3
2,"10418",3,3,4,3,4,4,2,3,4,3,4,3,4,3,4,3
2,"10423",3,3,2,1,4,3,2,4,4,4,4,4,2,3,5,3
2,"10426",3,3,4,3,4,3,4,2,4,3,3,3,3,2,4,3
2,"10427",2,2,4,3,3,2,3,2,5,3,3,3,2,3,2,3
2,"10428",4,3,3,3,3,3,2,3,4,3,4,3,3,2,5,3
2,"10429",4,3,5,4,4,3,2,3,5,3,4,3,4,2,3,3
2,"10431",NA,NA,NA,NA,NA,NA,NA,NA,NA,NA,NA,NA,NA,NA,NA,NA
2,"10432",3,3,4,2,3,3,3,3,4,3,4,3,3,3,4,3
2,"10436",NA,NA,NA,NA,NA,NA,NA,NA,NA,NA,NA,NA,NA,NA,NA,NA
2,"10437",NA,NA,NA,NA,NA,NA,NA,NA,NA,NA,NA,NA,NA,NA,NA,NA
2,"10438",3,3,4,3,3,3,3,3,4,3,3,3,2,3,4,3
2,"10445",4,2,4,3,3,2,3,2,5,4,3,2,4,2,3,2
2,"10448",2,3,5,4,4,3,2,3,5,4,3,3,3,3,4,3
2,"10450",2,3,5,4,4,3,2,1,5,4,4,3,5,3,4,3
2,"10452",4,3,4,3,4,3,2,3,5,4,4,3,3,3,4,3
2,"10454",3,3,4,3,4,3,1,3,5,3,3,3,2,2,3,2
2,"10456",NA,NA,NA,NA,NA,NA,NA,NA,NA,NA,NA,NA,NA,NA,NA,NA
2,"10460",4,3,5,3,4,3,2,2,5,NA,5,3,2,3,4,2
2,"10461",4,3,4,3,4,3,2,3,4,3,4,3,3,3,4,3
2,"10462",4,3,4,2,4,3,2,3,4,3,4,2,3,3,4,3
2,"10463",NA,NA,NA,NA,NA,NA,NA,NA,NA,NA,NA,NA,NA,NA,NA,NA
2,"10466",4,2,5,3,5,3,4,2,4,2,4,3,3,3,2,1
2,"10469",5,3,4,3,4,1,4,1,4,2,3,1,3,3,2,3
2,"10470",NA,NA,NA,NA,NA,NA,NA,NA,NA,NA,NA,NA,NA,NA,NA,NA
2,"10471",4,3,4,3,3,3,3,3,2,2,3,3,4,3,4,3
2,"10473",3,3,5,4,4,4,3,3,5,4,4,3,2,3,5,3
2,"10474",5,4,3,3,4,3,3,3,4,3,3,3,4,3,5,4
2,"10475",4,3,5,4,4,3,2,3,5,3,4,3,3,3,3,3
2,"10479",4,3,4,3,5,4,3,2,5,3,4,3,2,2,4,3
2,"10481",4,3,5,3,4,3,3,3,4,4,4,3,3,2,4,3
2,"10483",4,3,4,3,4,3,2,3,2,3,4,3,2,3,5,4
2,"10485",4,3,3,3,4,4,2,3,4,4,5,3,2,3,4,4
2,"10486",4,3,4,3,5,4,4,3,4,3,5,4,2,3,4,3
2,"10487",4,3,5,4,5,3,2,4,5,4,4,4,3,3,3,3
2,"10488",5,3,4,3,5,3,2,3,4,3,4,3,2,3,4,3
2,"10490",3,3,5,3,5,4,2,2,5,4,5,4,3,2,4,3
2,"10492",5,4,5,4,4,3,2,4,5,3,4,3,2,3,4,3
2,"10493",5,3,5,3,4,3,2,3,5,3,5,3,3,3,4,3
2,"10495",4,3,4,2,4,3,3,3,4,3,4,2,4,2,4,3
2,"10497",5,4,5,4,5,4,2,2,5,4,4,4,5,3,5,4
2,"10498",4,3,4,3,4,3,3,3,4,3,4,2,3,2,2,3
2,"10506",5,4,5,4,4,3,2,4,5,4,5,3,2,3,5,4
2,"10508",5,3,5,4,5,3,3,2,5,3,5,3,3,2,4,3
2,"10511",5,4,5,3,5,3,3,3,5,3,5,3,2,2,4,3
2,"10512",4,2,4,4,3,3,3,2,3,3,3,3,4,3,3,2
2,"10515",2,3,4,3,4,3,2,3,5,4,4,3,3,3,4,3
2,"10516",4,3,4,3,4,3,3,3,3,3,4,3,3,3,4,3
2,"10522",5,3,4,4,5,4,4,3,3,3,4,3,2,3,2,2
2,"10523",5,3,5,3,5,3,2,3,5,3,5,3,3,2,4,3
2,"10525",5,4,4,3,5,3,2,3,4,3,4,3,2,3,4,3
2,"10528",5,3,5,3,5,3,2,3,5,3,5,3,2,3,4,3
2,"10530",4,3,5,4,5,4,1,3,5,4,5,3,1,3,4,3
2,"10532",4,2,3,2,4,3,1,1,3,2,4,3,3,3,4,3
2,"10537",5,4,5,4,5,4,2,2,5,4,5,4,1,3,5,3
2,"10541",4,3,4,3,3,2,3,3,4,3,4,3,2,3,3,3
2,"10542",3,3,5,3,4,3,2,2,4,3,4,3,3,2,4,3
3,"1",5,3,5,3,5,3,1,3,4,3,5,3,1,3,3,3
3,"4",NA,NA,NA,NA,NA,NA,NA,NA,NA,NA,NA,NA,NA,NA,NA,NA
3,"5",5,3,4,3,5,3,2,3,5,3,4,3,2,3,4,3
3,"6",NA,NA,NA,NA,NA,NA,NA,NA,NA,NA,NA,NA,NA,NA,NA,NA
3,"12",NA,NA,NA,NA,NA,NA,NA,NA,NA,NA,NA,NA,NA,NA,NA,NA
3,"18",4,3,5,3,4,3,2,2,3,3,5,3,3,2,5,4
3,"19",NA,NA,NA,NA,NA,NA,NA,NA,NA,NA,NA,NA,NA,NA,NA,NA
3,"20",NA,NA,NA,NA,NA,NA,NA,NA,NA,NA,NA,NA,NA,NA,NA,NA
3,"26",NA,NA,NA,NA,NA,NA,NA,NA,NA,NA,NA,NA,NA,NA,NA,NA
3,"31",NA,NA,NA,NA,NA,NA,NA,NA,NA,NA,NA,NA,NA,NA,NA,NA
3,"32",NA,NA,NA,NA,NA,NA,NA,NA,NA,NA,NA,NA,NA,NA,NA,NA
3,"35",NA,NA,NA,NA,NA,NA,NA,NA,NA,NA,NA,NA,NA,NA,NA,NA
3,"36",1,3,3,3,2,2,4,3,3,2,3,2,5,4,4,3
3,"40",2,3,4,3,3,2,5,3,5,3,2,NA,5,3,2,3
3,"41",NA,NA,NA,NA,NA,NA,NA,NA,NA,NA,NA,NA,NA,NA,NA,NA
3,"47",NA,NA,NA,NA,NA,NA,NA,NA,NA,NA,NA,NA,NA,NA,NA,NA
3,"51",NA,NA,NA,NA,NA,NA,NA,NA,NA,NA,NA,NA,NA,NA,NA,NA
3,"52",NA,NA,NA,NA,NA,NA,NA,NA,NA,NA,NA,NA,NA,NA,NA,NA
3,"53",NA,NA,NA,NA,NA,NA,NA,NA,NA,NA,NA,NA,NA,NA,NA,NA
3,"54",NA,NA,NA,NA,NA,NA,NA,NA,NA,NA,NA,NA,NA,NA,NA,NA
3,"56",5,3,5,4,4,3,2,3,5,4,4,3,5,4,2,3
3,"57",NA,NA,NA,NA,NA,NA,NA,NA,NA,NA,NA,NA,NA,NA,NA,NA
3,"59",5,2,5,3,5,3,3,3,4,3,4,3,2,3,5,3
3,"61",NA,NA,NA,NA,NA,NA,NA,NA,NA,NA,NA,NA,NA,NA,NA,NA
3,"64",NA,NA,NA,NA,NA,NA,NA,NA,NA,NA,NA,NA,NA,NA,NA,NA
3,"68",5,4,4,3,4,3,2,3,4,3,4,3,3,2,4,3
3,"69",NA,NA,NA,NA,NA,NA,NA,NA,NA,NA,NA,NA,NA,NA,NA,NA
3,"70",NA,NA,NA,NA,NA,NA,NA,NA,NA,NA,NA,NA,NA,NA,NA,NA
3,"71",NA,NA,NA,NA,NA,NA,NA,NA,NA,NA,NA,NA,NA,NA,NA,NA
3,"79",NA,NA,NA,NA,NA,NA,NA,NA,NA,NA,NA,NA,NA,NA,NA,NA
3,"81",4,3,4,3,4,3,2,3,4,3,4,3,2,3,4,3
3,"86",4,3,4,3,4,3,2,3,4,3,4,3,2,3,4,3
3,"89",4,3,5,3,4,3,3,2,5,4,5,3,3,3,3,3
3,"91",4,3,5,4,5,3,3,2,5,4,5,3,1,4,3,3
3,"92",4,3,4,3,4,3,3,2,4,3,4,4,2,2,4,3
3,"97",4,2,5,4,4,2,4,3,4,3,4,2,4,3,2,2
3,"101",4,3,3,3,3,3,2,3,2,1,4,3,2,3,4,3
3,"102",NA,NA,NA,NA,NA,NA,NA,NA,NA,NA,NA,NA,NA,NA,NA,NA
3,"103",5,3,5,3,5,3,1,4,4,3,5,4,1,4,5,3
3,"104",4,3,5,4,4,2,4,2,5,3,4,2,4,3,5,3
3,"10105",5,3,4,2,4,2,3,3,2,3,3,3,2,3,2,3
3,"10106",5,4,4,3,5,4,2,2,5,4,4,4,2,2,5,4
3,"10107",4,3,4,3,5,3,2,4,4,4,4,3,3,3,3,3
3,"10108",3,2,4,3,3,1,3,1,4,3,3,1,2,3,3,2
3,"10109",4,3,5,4,5,4,1,4,4,3,5,4,2,3,4,3
3,"10110",5,4,4,3,4,3,2,2,2,2,3,3,2,2,4,3
3,"10111",4,3,5,4,5,3,1,4,3,3,5,4,1,4,4,3
3,"10112",4,3,5,3,3,3,3,3,5,3,4,3,3,3,4,3
3,"10113",4,3,4,3,3,3,3,3,4,3,3,2,4,3,2,3
3,"10114",4,4,3,2,5,3,2,2,4,3,5,3,1,4,5,3
3,"10116",4,3,5,4,5,3,3,2,4,3,5,3,3,3,4,4
3,"10118",4,3,5,4,4,3,2,2,4,4,4,4,2,3,3,3
3,"10121",5,4,5,4,4,3,2,3,5,4,4,3,3,3,4,3
3,"10122",2,4,3,3,3,3,2,1,5,3,3,3,1,3,3,3
3,"10124",NA,NA,NA,NA,NA,NA,NA,NA,NA,NA,NA,NA,NA,NA,NA,NA
3,"10125",5,3,4,3,4,3,2,3,4,3,4,3,4,3,5,4
3,"10127",4,4,4,3,5,3,2,3,5,4,4,3,2,3,3,2
3,"10132",2,3,5,3,3,3,2,3,4,3,4,3,3,3,3,3
3,"10133",2,3,5,4,4,3,2,4,5,4,3,3,4,3,3,3
3,"10136",NA,NA,NA,NA,NA,NA,NA,NA,NA,NA,NA,NA,NA,NA,NA,NA
3,"10138",4,3,5,3,4,3,2,3,5,4,4,3,3,3,4,3
3,"10141",4,3,5,4,4,3,2,2,4,3,4,3,2,2,4,3
3,"10143",2,3,5,1,2,3,3,3,4,2,3,3,4,3,3,4
3,"10144",4,3,5,4,4,3,3,3,5,4,5,4,3,3,5,4
3,"10148",4,3,4,3,4,3,3,2,5,4,5,3,3,2,3,4
3,"10149",2,3,4,3,3,3,3,3,4,3,3,3,1,4,4,3
3,"10150",3,3,4,3,3,3,3,3,5,4,3,3,5,4,2,3
3,"10153",NA,NA,NA,NA,NA,NA,NA,NA,NA,NA,NA,NA,NA,NA,NA,NA
3,"10157",4,4,5,4,5,3,2,3,5,4,4,3,3,3,4,3
3,"10158",5,3,3,3,3,2,3,2,4,3,4,3,4,2,5,3
3,"10159",NA,NA,NA,NA,NA,NA,NA,NA,NA,NA,NA,NA,NA,NA,NA,NA
3,"10160",5,4,5,3,5,4,1,3,5,4,4,3,4,3,5,3
3,"10167",NA,NA,NA,NA,NA,NA,NA,NA,NA,NA,NA,NA,NA,NA,NA,NA
3,"10171",NA,NA,NA,NA,NA,NA,NA,NA,NA,NA,NA,NA,NA,NA,NA,NA
3,"10172",1,2,4,3,4,3,3,3,2,2,3,3,1,3,4,2
3,"10174",4,3,4,3,5,3,3,3,5,3,4,3,4,3,4,3
3,"10175",3,2,4,3,4,3,2,3,4,3,5,3,2,2,3,3
3,"10176",NA,NA,NA,NA,NA,NA,NA,NA,NA,NA,NA,NA,NA,NA,NA,NA
3,"10180",3,3,3,3,2,3,4,3,4,3,2,3,4,3,2,3
3,"10184",4,4,5,3,4,4,4,3,5,4,4,3,3,3,4,3
3,"10186",3,3,4,3,4,3,2,2,4,3,3,3,2,3,4,3
3,"10190",4,2,5,4,4,3,2,2,5,4,4,3,4,3,3,3
3,"10193",NA,NA,NA,NA,NA,NA,NA,NA,NA,NA,NA,NA,NA,NA,NA,NA
3,"10198",NA,NA,NA,NA,NA,NA,NA,NA,NA,NA,NA,NA,NA,NA,NA,NA
3,"10199",NA,NA,NA,NA,NA,NA,NA,NA,NA,NA,NA,NA,NA,NA,NA,NA
3,"10205",4,3,2,3,3,1,3,1,4,3,2,2,2,3,3,2
3,"10208",3,3,3,3,3,3,2,3,5,4,4,3,2,3,4,4
3,"10210",5,4,4,4,5,3,4,2,3,1,4,3,4,2,3,3
3,"10213",4,3,5,4,4,3,2,3,3,3,4,3,2,3,3,3
3,"10215",2,3,4,3,3,3,2,2,4,3,4,3,3,2,3,3
3,"10216",2,3,3,3,4,3,2,3,3,3,4,3,2,3,3,3
3,"10217",3,3,3,3,3,3,3,3,3,3,3,3,3,3,3,3
3,"10221",5,4,5,3,5,3,1,2,4,4,5,4,1,1,5,4
3,"10222",2,3,4,3,4,3,2,3,4,3,4,3,2,3,4,3
3,"10234",1,4,3,2,2,3,3,2,4,3,3,3,5,2,2,3
3,"10236",4,3,4,3,4,3,3,2,3,3,4,3,3,2,5,4
3,"10237",NA,NA,NA,NA,NA,NA,NA,NA,NA,NA,NA,NA,NA,NA,NA,NA
3,"10238",2,3,4,3,4,3,4,3,5,4,3,3,4,3,3,3
3,"10247",4,2,3,3,2,2,3,2,4,3,3,2,5,3,5,4
3,"10248",3,3,4,3,3,3,2,3,5,3,4,3,3,3,4,3
3,"10253",5,3,5,4,5,3,2,3,5,4,5,4,2,3,4,4
3,"10255",NA,NA,NA,NA,NA,NA,NA,NA,NA,NA,NA,NA,NA,NA,NA,NA
3,"10267",5,3,4,3,5,3,2,3,4,3,4,3,3,3,4,3
3,"10268",NA,NA,NA,NA,NA,NA,NA,NA,NA,NA,NA,NA,NA,NA,NA,NA
3,"10270",4,2,4,3,4,3,2,3,2,1,5,3,2,3,5,3
3,"10271",5,3,4,3,4,2,2,2,4,3,4,2,2,3,5,3
3,"10274",1,4,3,2,4,3,2,3,3,2,3,3,3,3,3,3
3,"10281",NA,NA,NA,NA,NA,NA,NA,NA,NA,NA,NA,NA,NA,NA,NA,NA
3,"10286",NA,NA,NA,NA,NA,NA,NA,NA,NA,NA,NA,NA,NA,NA,NA,NA
3,"10305",5,4,3,3,5,4,2,1,4,3,4,3,3,2,4,3
3,"10308",4,3,4,3,4,3,3,2,3,3,4,3,2,2,4,3
3,"10311",3,2,4,3,4,3,2,3,4,3,4,3,2,3,4,3
3,"10314",NA,NA,NA,NA,NA,NA,NA,NA,NA,NA,NA,NA,NA,NA,NA,NA
3,"10315",4,3,5,2,4,3,4,1,5,4,4,3,3,2,5,4
3,"10316",2,2,4,3,4,3,2,3,4,3,3,3,4,2,3,2
3,"10318",3,3,5,4,4,3,2,3,4,3,4,3,2,3,3,3
3,"10322",3,2,5,4,4,3,2,1,5,4,5,4,2,2,4,3
3,"10329",3,3,5,4,5,3,1,3,5,3,4,3,2,3,4,3
3,"10330",5,3,5,3,5,3,2,3,5,4,5,3,2,3,4,3
3,"10351",4,3,4,3,3,3,2,2,4,3,3,3,2,2,3,3
3,"10365",3,3,5,3,4,3,2,3,5,3,4,3,4,2,4,3
3,"10367",2,3,5,4,4,3,2,3,4,3,4,3,3,2,2,3
3,"10370",4,3,5,3,4,3,2,3,5,4,4,3,2,3,4,3
3,"10380",4,3,5,4,4,3,2,3,4,3,4,3,3,3,4,3
3,"10381",3,3,4,3,3,3,3,3,4,3,4,3,3,3,4,3
3,"10383",4,3,5,3,4,2,2,2,4,3,4,3,1,3,5,3
3,"10395",4,3,5,4,5,4,2,3,4,4,4,4,3,3,4,3
3,"10397",4,3,3,2,3,3,3,3,5,4,3,3,5,3,3,3
3,"10404",4,3,5,3,4,3,3,2,4,3,4,3,4,3,4,3
3,"10418",3,3,4,4,4,3,3,2,5,4,4,3,5,2,4,4
3,"10429",3,3,4,4,4,3,2,3,5,3,4,3,1,3,4,4
3,"10432",3,2,3,2,4,3,2,3,5,3,4,3,2,3,5,3
3,"10433",4,3,5,4,5,3,2,3,5,4,4,3,2,3,4,3
3,"10434",4,3,4,3,4,3,2,2,4,3,4,3,4,4,4,3
3,"10435",4,2,3,3,4,3,2,3,3,2,3,3,3,3,2,3
3,"10445",3,3,5,3,4,3,2,3,5,3,4,3,5,3,2,2
3,"10448",5,3,5,4,5,3,3,2,5,4,4,3,3,3,5,3
3,"10449",4,3,4,3,5,4,2,3,3,3,5,3,1,3,5,3
3,"10452",1,3,5,4,5,3,3,3,5,4,4,3,3,3,3,3
3,"10453",2,3,5,4,5,3,2,3,5,3,5,3,3,3,3,3
3,"10460",5,3,4,3,5,4,2,4,5,4,5,3,2,2,4,2
3,"10469",5,1,2,2,3,2,3,2,2,3,4,3,3,2,1,3
3,"10471",4,3,4,3,3,2,4,3,3,3,2,3,5,4,1,4
3,"10472",2,3,3,2,4,3,3,2,4,3,4,3,2,3,5,3
3,"10474",5,3,5,4,4,3,2,3,5,4,5,4,3,3,5,4
3,"10481",5,4,5,4,5,3,2,3,5,4,5,3,2,3,5,3
3,"10485",NA,NA,NA,NA,NA,NA,NA,NA,NA,NA,NA,NA,NA,NA,NA,NA
3,"10488",4,3,3,2,2,3,4,3,3,3,3,3,3,3,3,3
3,"10497",4,3,5,4,5,3,2,3,4,3,4,3,2,4,5,4
3,"10509",5,3,5,4,5,3,2,3,3,3,3,2,4,3,4,3
3,"10524",4,3,4,3,4,3,3,2,4,3,4,3,2,3,4,3
3,"10525",5,4,4,3,5,4,1,3,5,4,5,4,1,3,5,3
3,"10529",4,2,3,3,4,3,2,2,5,3,4,3,3,2,4,3
3,"10530",3,3,5,4,4,3,2,3,5,4,4,3,2,3,5,3
3,"10532",2,3,4,3,3,2,2,2,4,2,4,2,2,3,4,3
3,"10535",3,2,4,3,3,2,2,2,4,3,3,2,4,3,2,2
3,"10538",5,4,5,4,5,4,2,3,5,4,5,4,1,4,4,3
3,"10543",4,3,5,4,5,3,1,4,4,3,5,4,1,3,4,3
4,"2",NA,NA,NA,NA,NA,NA,NA,NA,NA,NA,NA,NA,NA,NA,NA,NA
4,"5",NA,NA,NA,NA,NA,NA,NA,NA,NA,NA,NA,NA,NA,NA,NA,NA
4,"10",NA,NA,NA,NA,NA,NA,NA,NA,NA,NA,NA,NA,NA,NA,NA,NA
4,"12",NA,NA,NA,NA,NA,NA,NA,NA,NA,NA,NA,NA,NA,NA,NA,NA
4,"17",4,3,4,3,4,3,3,2,4,3,4,3,3,2,3,2
4,"19",NA,NA,NA,NA,NA,NA,NA,NA,NA,NA,NA,NA,NA,NA,NA,NA
4,"20",NA,NA,NA,NA,NA,NA,NA,NA,NA,NA,NA,NA,NA,NA,NA,NA
4,"26",NA,NA,NA,NA,NA,NA,NA,NA,NA,NA,NA,NA,NA,NA,NA,NA
4,"31",NA,NA,NA,NA,NA,NA,NA,NA,NA,NA,NA,NA,NA,NA,NA,NA
4,"35",4,3,5,4,5,3,2,3,5,4,5,3,4,2,4,3
4,"36",3,3,4,3,4,2,4,2,5,4,3,2,4,2,5,4
4,"41",4,2,5,3,5,3,2,3,5,3,5,3,1,4,5,3
4,"45",NA,NA,NA,NA,NA,NA,NA,NA,NA,NA,NA,NA,NA,NA,NA,NA
4,"46",5,3,4,3,5,4,1,4,3,3,5,3,1,4,5,4
4,"47",NA,NA,NA,NA,NA,NA,NA,NA,NA,NA,NA,NA,NA,NA,NA,NA
4,"48",5,3,5,3,5,3,2,3,5,3,5,3,3,3,4,3
4,"51",NA,NA,NA,NA,NA,NA,NA,NA,NA,NA,NA,NA,NA,NA,NA,NA
4,"53",NA,NA,NA,NA,NA,NA,NA,NA,NA,NA,NA,NA,NA,NA,NA,NA
4,"54",NA,NA,NA,NA,NA,NA,NA,NA,NA,NA,NA,NA,NA,NA,NA,NA
4,"56",NA,NA,NA,NA,NA,NA,NA,NA,NA,NA,NA,NA,NA,NA,NA,NA
4,"57",NA,NA,NA,NA,NA,NA,NA,NA,NA,NA,NA,NA,NA,NA,NA,NA
4,"71",NA,NA,NA,NA,NA,NA,NA,NA,NA,NA,NA,NA,NA,NA,NA,NA
4,"73",NA,NA,NA,NA,NA,NA,NA,NA,NA,NA,NA,NA,NA,NA,NA,NA
4,"74",NA,NA,NA,NA,NA,NA,NA,NA,NA,NA,NA,NA,NA,NA,NA,NA
4,"80",NA,NA,NA,NA,NA,NA,NA,NA,NA,NA,NA,NA,NA,NA,NA,NA
4,"87",4,3,4,2,4,3,2,3,5,3,4,3,2,3,5,2
4,"88",4,3,3,2,4,3,2,3,4,4,4,3,3,3,4,3
4,"89",NA,NA,NA,NA,NA,NA,NA,NA,NA,NA,NA,NA,NA,NA,NA,NA
4,"92",NA,NA,NA,NA,NA,NA,NA,NA,NA,NA,NA,NA,NA,NA,NA,NA
4,"94",2,3,3,3,3,3,4,3,4,3,3,3,4,3,3,3
4,"98",NA,NA,NA,NA,NA,NA,NA,NA,NA,NA,NA,NA,NA,NA,NA,NA
4,"101",4,3,5,4,4,3,2,3,1,3,4,3,4,2,4,3
4,"104",4,3,4,3,3,3,2,3,4,3,4,3,3,3,2,3
4,"10109",5,4,4,3,4,3,2,2,4,3,4,3,2,2,4,3
4,"10110",NA,NA,NA,NA,NA,NA,NA,NA,NA,NA,NA,NA,NA,NA,NA,NA
4,"10116",3,3,4,3,4,3,2,3,4,4,4,3,2,3,3,3
4,"10118",4,3,4,3,5,3,2,3,4,3,4,3,2,3,3,3
4,"10123",4,3,3,3,4,3,2,2,3,3,3,2,4,2,4,3
4,"10128",4,3,5,4,5,4,2,2,5,4,4,3,3,3,5,4
4,"10129",3,3,4,3,4,3,3,3,5,3,4,3,3,3,4,3
4,"10131",5,4,5,4,5,4,2,2,5,4,5,4,3,2,5,3
4,"10132",2,2,4,3,4,3,2,2,5,3,4,3,4,2,5,3
4,"10137",4,3,3,3,4,3,3,3,5,4,4,3,3,3,3,2
4,"10141",4,3,4,3,5,3,3,3,5,4,4,3,2,2,3,2
4,"10153",NA,NA,NA,NA,NA,NA,NA,NA,NA,NA,NA,NA,NA,NA,NA,NA
4,"10159",5,3,3,2,4,3,2,3,4,3,3,3,5,3,1,1
4,"10161",3,3,3,3,2,3,4,3,4,3,2,3,3,3,2,2
4,"10166",4,3,4,2,3,3,3,2,4,3,3,2,2,2,2,2
4,"10172",2,3,4,3,3,3,3,3,5,3,3,2,3,3,2,3
4,"10173",4,3,5,4,4,3,NA,3,5,3,4,3,2,3,5,3
4,"10174",3,2,4,1,2,1,4,2,4,3,2,1,2,3,1,4
4,"10180",3,3,4,3,3,3,3,3,2,2,4,3,1,4,3,2
4,"10186",4,3,4,3,5,2,4,2,4,3,4,3,4,3,4,2
4,"10187",NA,NA,NA,NA,NA,NA,NA,NA,NA,NA,NA,NA,NA,NA,NA,NA
4,"10188",4,3,5,4,3,2,3,2,4,3,3,2,3,2,2,2
4,"10190",3,3,5,3,3,3,3,3,2,2,4,2,2,2,4,3
4,"10193",4,3,4,3,3,3,3,3,4,2,3,2,3,3,3,2
4,"10196",NA,NA,NA,NA,NA,NA,NA,NA,NA,NA,NA,NA,NA,NA,NA,NA
4,"10198",NA,NA,NA,NA,NA,NA,NA,NA,NA,NA,NA,NA,NA,NA,NA,NA
4,"10204",3,3,5,4,4,NA,2,NA,5,4,3,4,2,NA,3,NA
4,"10207",NA,NA,NA,NA,NA,NA,NA,NA,NA,NA,NA,NA,NA,NA,NA,NA
4,"10208",4,3,5,4,4,3,3,2,5,3,4,3,3,1,3,2
4,"10213",5,3,5,4,5,3,2,3,5,3,5,4,2,3,5,4
4,"10215",NA,NA,NA,NA,NA,NA,NA,NA,NA,NA,NA,NA,NA,NA,NA,NA
4,"10227",NA,NA,NA,NA,NA,NA,NA,NA,NA,NA,NA,NA,NA,NA,NA,NA
4,"10228",4,3,4,3,3,3,2,2,5,3,3,3,2,2,4,3
4,"10231",NA,NA,NA,NA,NA,NA,NA,NA,NA,NA,NA,NA,NA,NA,NA,NA
4,"10236",4,3,4,3,4,3,2,3,4,3,4,3,1,3,4,3
4,"10240",4,3,4,3,3,3,3,3,4,3,4,3,4,3,3,3
4,"10243",4,3,4,3,4,3,2,3,3,2,4,3,2,3,3,3
4,"10245",4,3,4,3,4,2,3,2,4,2,4,3,2,3,4,2
4,"10248",4,2,4,3,2,3,4,3,5,3,3,2,2,3,2,3
4,"10250",4,3,5,4,3,3,2,2,5,3,4,3,2,3,4,3
4,"10251",4,3,4,3,4,3,2,3,4,4,4,3,3,3,4,3
4,"10253",4,3,5,3,5,3,1,3,3,3,5,3,2,3,4,3
4,"10259",NA,NA,NA,NA,NA,NA,NA,NA,NA,NA,NA,NA,NA,NA,NA,NA
4,"10260",5,3,4,3,5,3,2,3,5,3,4,3,2,3,5,4
4,"10267",5,3,5,3,5,3,2,3,5,3,5,3,2,3,5,3
4,"10268",5,3,5,3,3,3,3,3,4,3,4,3,4,3,4,3
4,"10270",4,3,4,2,4,3,2,3,2,1,4,4,1,3,3,3
4,"10277",4,3,5,4,5,4,2,2,5,4,5,4,3,3,5,4
4,"10280",4,3,5,4,3,2,4,3,4,3,2,2,3,3,2,3
4,"10288",4,3,4,3,4,3,2,3,4,3,4,3,2,3,4,3
4,"10293",NA,NA,NA,NA,NA,NA,NA,NA,NA,NA,NA,NA,NA,NA,NA,NA
4,"10295",4,3,5,3,4,3,2,3,5,4,4,3,2,3,3,3
4,"10299",1,3,2,2,3,3,5,3,5,3,3,3,2,3,4,3
4,"10304",5,3,5,4,5,3,2,3,5,4,5,3,3,3,4,3
4,"10310",4,3,5,4,3,3,3,3,5,3,3,3,3,4,3,2
4,"10311",4,2,4,1,4,3,2,3,4,3,4,3,2,2,4,3
4,"10313",4,3,4,3,2,3,4,3,5,4,3,3,5,3,1,3
4,"10314",NA,NA,NA,NA,NA,NA,NA,NA,NA,NA,NA,NA,NA,NA,NA,NA
4,"10318",4,3,5,3,3,2,3,2,5,4,4,3,4,3,2,3
4,"10322",3,3,5,4,4,3,2,3,5,4,4,3,3,3,4,3
4,"10324",NA,NA,NA,NA,NA,NA,NA,NA,NA,NA,NA,NA,NA,NA,NA,NA
4,"10325",NA,NA,NA,NA,NA,NA,NA,NA,NA,NA,NA,NA,NA,NA,NA,NA
4,"10328",NA,NA,NA,NA,NA,NA,NA,NA,NA,NA,NA,NA,NA,NA,NA,NA
4,"10332",3,3,5,4,4,3,2,3,5,4,5,3,3,2,3,3
4,"10333",5,4,4,3,4,3,3,3,5,4,4,3,4,3,3,3
4,"10336",4,3,4,3,4,2,2,3,4,3,3,2,5,2,3,2
4,"10345",4,3,5,4,4,3,2,4,5,4,4,3,2,3,5,4
4,"10351",NA,NA,NA,NA,NA,NA,NA,NA,NA,NA,NA,NA,NA,NA,NA,NA
4,"10352",5,3,4,3,5,3,2,2,3,2,5,3,3,2,4,3
4,"10353",NA,NA,NA,NA,NA,NA,NA,NA,NA,NA,NA,NA,NA,NA,NA,NA
4,"10359",3,3,5,4,3,3,3,3,5,4,4,3,2,3,4,4
4,"10366",4,3,5,3,4,3,2,3,5,3,4,3,4,3,4,3
4,"10367",2,3,5,4,3,3,3,3,4,3,3,3,4,3,2,3
4,"10369",NA,NA,NA,NA,NA,NA,NA,NA,NA,NA,NA,NA,NA,NA,NA,NA
4,"10370",3,2,4,3,4,3,2,3,3,2,4,3,2,3,5,3
4,"10371",4,3,4,3,4,3,3,3,2,2,4,2,4,3,3,2
4,"10373",4,3,5,4,4,3,3,2,4,3,4,3,3,3,4,3
4,"10380",4,3,5,3,5,3,2,3,3,2,4,3,4,2,3,3
4,"10390",5,3,4,3,5,4,2,4,5,3,4,4,2,4,5,4
4,"10391",3,2,4,3,3,3,3,3,5,3,3,2,3,3,3,3
4,"10395",3,3,4,3,3,3,3,3,5,3,3,3,1,3,5,3
4,"10411",5,3,4,2,4,3,2,3,4,3,4,2,1,4,3,3
4,"10414",2,3,5,3,3,2,5,3,4,3,3,2,4,2,1,3
4,"10415",5,4,2,3,4,3,5,3,4,3,2,3,3,3,3,4
4,"10418",4,4,5,4,5,3,2,3,5,4,4,4,2,4,5,3
4,"10423",2,3,4,2,4,3,4,2,4,3,4,3,3,2,4,3
4,"10427",2,3,5,3,5,3,3,2,4,3,4,3,1,3,5,3
4,"10432",NA,NA,NA,NA,NA,NA,NA,NA,NA,NA,NA,NA,NA,NA,NA,NA
4,"10434",4,3,4,2,4,2,4,2,5,4,4,2,4,3,3,2
4,"10437",5,3,4,3,4,3,2,2,3,2,4,3,4,NA,3,3
4,"10447",4,3,5,4,4,3,2,3,4,3,5,3,3,3,3,2
4,"10449",4,3,4,2,4,3,2,2,4,3,4,3,3,3,4,4
4,"10452",5,3,5,4,4,3,2,2,5,4,4,2,3,3,4,3
4,"10454",5,3,5,3,4,3,3,3,4,4,4,3,1,4,3,2
4,"10459",4,3,5,4,4,3,3,2,5,4,4,3,3,3,2,2
4,"10462",4,3,4,4,3,2,3,2,4,4,3,3,3,3,4,3
4,"10463",3,2,3,2,4,3,4,3,5,4,5,3,4,3,5,3
4,"10466",3,2,4,3,3,2,4,3,4,3,3,2,4,2,2,4
4,"10474",5,4,5,4,5,4,1,4,5,3,4,3,5,3,5,3
4,"10475",5,4,5,4,5,4,2,3,5,4,4,3,4,3,5,3
4,"10477",3,2,4,3,3,2,4,3,4,3,4,2,2,3,4,3
4,"10481",4,2,4,3,4,3,2,3,4,3,4,3,3,3,4,3
4,"10485",4,3,4,3,4,3,3,2,5,3,4,3,3,3,4,3
4,"10486",4,3,3,3,4,3,2,2,4,3,3,3,2,2,3,3
4,"10492",4,4,4,3,4,3,4,3,3,3,4,3,3,3,4,3
4,"10494",NA,NA,NA,NA,NA,NA,NA,NA,NA,NA,NA,NA,NA,NA,NA,NA
4,"10500",3,3,4,3,4,3,3,3,5,4,3,3,3,3,2,4
4,"10506",3,2,5,4,5,3,2,4,5,4,5,3,3,3,5,3
4,"10509",4,2,4,4,4,1,4,2,4,3,4,3,3,3,4,3
4,"10511",5,4,4,3,5,3,2,3,5,4,5,3,3,3,5,3
4,"10513",4,3,5,3,5,3,2,3,4,3,5,4,1,3,5,4
4,"10515",4,3,5,4,3,2,2,3,4,3,4,3,2,3,3,3
4,"10516",4,3,4,4,5,3,2,3,5,3,4,4,3,3,5,3
4,"10517",4,3,5,4,5,3,2,2,5,3,4,3,2,3,4,3
4,"10518",5,3,3,2,5,3,2,3,4,3,4,3,2,3,5,3
4,"10523",NA,NA,NA,NA,NA,NA,NA,NA,NA,NA,NA,NA,NA,NA,NA,NA
4,"10533",NA,NA,NA,NA,NA,NA,NA,NA,NA,NA,NA,NA,NA,NA,NA,NA
4,"10536",4,3,3,3,4,3,4,3,5,4,3,3,3,2,4,3
4,"10541",2,2,3,2,2,3,3,3,4,3,2,3,2,3,5,4
4,"10542",3,3,3,3,3,3,3,2,2,4,3,2,3,3,3,2
4,"10543",4,3,5,3,5,3,1,4,4,3,5,3,2,3,4,3
5,"4",NA,NA,NA,NA,NA,NA,NA,NA,NA,NA,NA,NA,NA,NA,NA,NA
5,"5",NA,NA,NA,NA,NA,NA,NA,NA,NA,NA,NA,NA,NA,NA,NA,NA
5,"10",NA,NA,NA,NA,NA,NA,NA,NA,NA,NA,NA,NA,NA,NA,NA,NA
5,"19",NA,NA,NA,NA,NA,NA,NA,NA,NA,NA,NA,NA,NA,NA,NA,NA
5,"20",NA,NA,NA,NA,NA,NA,NA,NA,NA,NA,NA,NA,NA,NA,NA,NA
5,"22",NA,NA,NA,NA,NA,NA,NA,NA,NA,NA,NA,NA,NA,NA,NA,NA
5,"23",NA,NA,NA,NA,NA,NA,NA,NA,NA,NA,NA,NA,NA,NA,NA,NA
5,"27",4,3,4,4,5,3,2,3,5,4,4,3,1,4,4,2
5,"35",NA,NA,NA,NA,NA,NA,NA,NA,NA,NA,NA,NA,NA,NA,NA,NA
5,"36",2,3,3,3,2,3,4,3,3,3,2,3,4,3,4,3
5,"40",NA,NA,NA,NA,NA,NA,NA,NA,NA,NA,NA,NA,NA,NA,NA,NA
5,"45",5,4,5,4,5,4,2,3,5,3,5,4,2,3,5,4
5,"47",NA,NA,NA,NA,NA,NA,NA,NA,NA,NA,NA,NA,NA,NA,NA,NA
5,"48",4,3,4,3,4,3,2,3,4,3,4,3,2,3,3,3
5,"51",NA,NA,NA,NA,NA,NA,NA,NA,NA,NA,NA,NA,NA,NA,NA,NA
5,"52",4,3,4,4,4,3,2,3,4,3,4,3,2,3,4,3
5,"53",NA,NA,NA,NA,NA,NA,NA,NA,NA,NA,NA,NA,NA,NA,NA,NA
5,"54",NA,NA,NA,NA,NA,NA,NA,NA,NA,NA,NA,NA,NA,NA,NA,NA
5,"56",NA,NA,NA,NA,NA,NA,NA,NA,NA,NA,NA,NA,NA,NA,NA,NA
5,"57",NA,NA,NA,NA,NA,NA,NA,NA,NA,NA,NA,NA,NA,NA,NA,NA
5,"68",NA,NA,NA,NA,NA,NA,NA,NA,NA,NA,NA,NA,NA,NA,NA,NA
5,"71",NA,NA,NA,NA,NA,NA,NA,NA,NA,NA,NA,NA,NA,NA,NA,NA
5,"72",4,2,4,3,4,3,3,3,4,4,4,3,4,3,2,4
5,"85",NA,NA,NA,NA,NA,NA,NA,NA,NA,NA,NA,NA,NA,NA,NA,NA
5,"86",5,3,5,4,4,3,2,3,4,3,4,3,1,3,3,3
5,"90",2,3,3,3,2,3,4,3,3,3,3,3,4,3,3,3
5,"91",5,3,4,3,5,3,1,4,3,3,5,3,2,3,4,3
5,"93",4,3,5,3,4,3,2,3,4,3,4,3,4,3,3,4
5,"94",3,2,4,3,4,3,2,3,5,4,3,3,4,3,4,3
5,"95",NA,NA,NA,NA,NA,NA,NA,NA,NA,NA,NA,NA,NA,NA,NA,NA
5,"101",4,3,5,4,4,3,2,3,4,3,4,3,3,2,4,3
5,"102",2,3,5,3,5,3,2,3,3,3,5,3,2,2,4,3
5,"103",NA,NA,NA,NA,NA,NA,NA,NA,NA,NA,NA,NA,NA,NA,NA,NA
5,"104",NA,NA,NA,NA,NA,NA,NA,NA,NA,NA,NA,NA,NA,NA,NA,NA
5,"10110",5,3,4,3,5,3,2,2,3,3,5,3,2,1,5,3
5,"10111",4,3,5,4,5,3,2,3,5,4,5,4,3,2,5,3
5,"10113",4,3,3,3,3,3,3,3,4,3,4,3,3,3,4,3
5,"10114",4,3,3,3,3,2,3,2,5,4,4,2,2,3,5,4
5,"10121",4,3,5,4,5,3,2,3,3,2,5,4,4,3,2,2
5,"10125",4,3,5,4,4,3,2,2,5,4,5,4,2,2,4,3
5,"10127",4,3,5,4,4,3,2,3,3,2,3,2,1,3,4,3
5,"10132",3,3,4,3,4,3,2,2,5,3,4,3,2,2,1,1
5,"10139",3,3,5,4,4,3,2,3,5,4,4,3,4,3,3,3
5,"10141",4,3,3,3,3,2,2,3,5,3,3,3,1,3,4,3
5,"10143",5,3,4,3,3,2,3,2,4,3,3,3,4,3,3,2
5,"10144",4,3,4,3,3,3,1,4,4,3,4,3,1,3,5,3
5,"10145",3,3,4,3,4,3,2,4,5,4,4,3,2,3,4,3
5,"10147",3,3,4,3,5,3,2,3,5,4,4,3,2,3,3,2
5,"10148",2,3,4,3,4,3,2,3,4,3,4,3,2,3,4,3
5,"10149",3,3,4,3,3,3,2,3,5,3,3,3,4,2,4,3
5,"10150",3,3,5,4,3,3,3,3,5,4,3,3,5,4,3,3
5,"10151",3,3,4,3,4,3,2,3,4,3,4,3,2,3,3,3
5,"10154",3,3,5,3,4,3,3,2,2,1,4,3,2,2,3,1
5,"10157",4,3,5,4,4,3,2,2,5,4,5,4,4,4,3,3
5,"10159",5,3,4,3,4,3,2,2,4,3,3,3,3,2,4,3
5,"10166",NA,NA,NA,NA,NA,NA,NA,NA,NA,NA,NA,NA,NA,NA,NA,NA
5,"10172",2,3,5,4,5,3,2,3,5,3,3,4,2,2,1,3
5,"10174",3,2,4,3,4,2,3,3,4,3,2,2,2,3,3,2
5,"10176",NA,NA,NA,NA,NA,NA,NA,NA,NA,NA,NA,NA,NA,NA,NA,NA
5,"10181",5,3,5,4,3,3,3,2,5,3,4,2,3,3,4,2
5,"10184",4,3,5,3,4,2,2,2,5,4,5,3,3,2,3,2
5,"10186",5,3,5,3,5,3,2,1,3,2,5,3,4,3,4,3
5,"10197",4,3,5,4,4,4,2,3,5,4,5,3,2,3,3,2
5,"10198",3,3,4,3,3,3,3,3,4,3,4,3,4,3,3,3
5,"10201",3,2,4,3,3,2,3,2,3,3,2,2,4,3,1,3
5,"10206",5,3,4,3,3,2,4,2,4,4,4,2,2,2,3,2
5,"10207",2,2,2,2,4,3,4,3,5,3,2,3,3,3,5,3
5,"10215",4,3,5,3,4,3,3,2,4,3,4,3,4,3,4,3
5,"10217",3,2,3,3,4,3,2,3,5,3,4,3,5,3,4,3
5,"10219",4,4,4,4,5,3,3,2,5,4,4,3,4,3,4,4
5,"10221",NA,NA,NA,NA,NA,NA,NA,NA,NA,NA,NA,NA,NA,NA,NA,NA
5,"10227",4,3,5,4,4,4,2,4,5,4,4,4,3,3,5,4
5,"10228",3,3,4,3,5,3,2,3,5,4,3,3,2,3,4,3
5,"10241",1,3,3,3,2,3,4,3,4,3,2,3,4,2,3,3
5,"10244",NA,NA,NA,NA,NA,NA,NA,NA,NA,NA,NA,NA,NA,NA,NA,NA
5,"10245",5,3,5,3,5,3,2,3,4,3,5,4,2,3,5,3
5,"10248",4,3,4,3,4,3,2,3,4,3,4,3,2,3,4,3
5,"10251",4,3,5,3,4,3,1,3,3,2,4,3,3,2,4,2
5,"10259",NA,NA,NA,NA,NA,NA,NA,NA,NA,NA,NA,NA,NA,NA,NA,NA
5,"10266",4,3,5,4,4,3,2,3,5,4,5,4,2,3,5,4
5,"10268",4,3,5,4,5,3,2,2,5,3,4,3,3,2,4,3
5,"10270",1,3,5,3,3,2,3,2,5,3,4,3,1,3,5,3
5,"10274",3,3,4,3,3,2,2,3,5,3,4,3,3,2,4,3
5,"10275",NA,NA,NA,NA,NA,NA,NA,NA,NA,NA,NA,NA,NA,NA,NA,NA
5,"10281",4,3,4,4,5,3,2,2,3,3,4,3,2,2,4,3
5,"10285",3,1,5,3,4,3,3,3,5,3,4,3,3,3,3,2
5,"10286",4,3,4,3,4,3,2,2,5,3,4,3,2,3,5,3
5,"10288",5,3,5,2,5,3,1,3,4,2,5,4,3,3,5,4
5,"10291",5,3,4,3,3,3,2,2,2,3,4,3,3,3,2,3
5,"10293",4,3,5,4,4,4,1,3,5,4,5,3,3,3,5,3
5,"10295",2,3,4,3,4,3,2,3,5,3,4,3,2,3,4,3
5,"10301",5,3,4,3,5,3,3,2,5,4,4,3,4,3,2,2
5,"10305",4,3,3,3,4,3,2,2,5,3,4,3,3,3,3,3
5,"10316",3,3,4,3,3,3,4,2,3,3,3,3,4,3,3,3
5,"10318",4,3,5,4,4,3,3,2,5,4,4,3,3,3,4,3
5,"10320",5,3,4,3,4,3,3,2,3,2,4,2,3,3,2,2
5,"10329",3,3,5,3,5,3,2,3,5,3,5,3,2,3,2,3
5,"10330",5,3,5,3,5,3,2,3,5,4,5,4,2,3,5,4
5,"10338",3,3,4,3,3,3,2,3,5,4,4,3,3,2,4,3
5,"10343",4,3,3,2,3,2,4,3,5,3,4,2,2,3,5,4
5,"10345",5,4,5,4,5,4,4,3,5,4,5,3,3,3,4,4
5,"10348",3,2,4,3,2,2,3,2,4,3,3,3,2,3,2,3
5,"10350",5,3,4,3,5,4,1,4,5,3,5,3,3,2,4,3
5,"10353",5,4,4,3,4,3,2,2,5,3,4,3,3,2,4,3
5,"10354",5,3,4,3,4,3,3,2,4,3,4,3,2,3,4,3
5,"10357",4,3,5,3,4,3,5,4,4,3,4,3,2,3,4,4
5,"10360",3,3,4,4,5,4,2,3,4,3,5,4,3,2,3,3
5,"10361",5,4,5,4,4,2,2,2,5,4,4,2,2,2,5,4
5,"10364",3,2,4,3,4,2,3,2,5,3,4,3,5,3,5,3
5,"10365",4,3,5,3,4,2,2,3,5,4,4,2,3,1,3,3
5,"10367",2,3,5,4,4,3,2,3,3,2,4,3,4,3,3,2
5,"10369",NA,NA,NA,NA,NA,NA,NA,NA,NA,NA,NA,NA,NA,NA,NA,NA
5,"10371",3,3,4,3,4,2,2,2,4,3,4,3,3,2,3,3
5,"10373",4,3,5,4,4,3,3,1,4,3,4,3,3,2,3,3
5,"10374",4,3,5,3,3,3,3,3,5,4,3,3,3,3,4,3
5,"10378",3,2,4,3,3,2,3,2,4,3,4,2,3,3,4,2
5,"10381",NA,NA,NA,NA,NA,NA,NA,NA,NA,NA,NA,NA,NA,NA,NA,NA
5,"10388",3,3,5,4,3,3,3,3,5,4,3,3,4,4,2,3
5,"10392",4,3,4,3,4,3,2,3,4,3,4,3,2,3,4,3
5,"10408",3,3,3,3,2,3,4,3,5,3,2,2,2,3,3,3
5,"10412",NA,NA,NA,NA,NA,NA,NA,NA,NA,NA,NA,NA,NA,NA,NA,NA
5,"10414",2,3,4,3,4,3,3,2,5,4,4,3,3,3,3,2
5,"10415",4,4,3,2,4,3,2,3,3,3,4,3,2,3,5,3
5,"10422",5,4,5,4,5,4,1,4,5,4,5,4,1,4,5,4
5,"10426",3,3,5,3,4,3,3,2,4,3,4,3,3,2,3,3
5,"10427",4,3,5,3,4,3,2,3,5,4,5,3,2,3,4,3
5,"10434",3,2,5,3,2,3,3,3,4,3,2,2,4,3,2,4
5,"10436",3,3,4,4,5,4,2,4,3,3,5,4,1,4,5,4
5,"10439",4,3,5,3,5,3,3,2,5,4,5,3,2,4,4,3
5,"10441",4,3,5,4,3,3,4,3,5,4,4,3,4,3,3,3
5,"10445",4,3,5,4,4,3,3,2,5,4,4,3,4,3,3,2
5,"10448",3,3,5,4,3,3,2,3,5,4,3,3,2,3,3,3
5,"10453",3,2,4,3,4,3,3,3,4,3,4,3,2,2,4,3
5,"10455",3,3,4,4,4,2,2,3,4,4,3,3,2,2,4,3
5,"10459",NA,NA,NA,NA,NA,NA,NA,NA,NA,NA,NA,NA,NA,NA,NA,NA
5,"10460",4,3,5,3,3,3,3,3,5,3,4,3,2,3,3,3
5,"10469",4,3,3,2,3,2,3,2,2,2,3,2,3,3,2,3
5,"10471",4,2,3,3,3,2,3,2,4,3,4,2,4,3,3,3
5,"10473",2,3,5,4,4,3,3,3,5,4,4,3,4,4,2,3
5,"10474",4,4,5,3,3,2,2,3,5,4,4,3,4,3,5,3
5,"10481",5,3,4,3,4,3,2,3,3,3,4,3,4,2,4,3
5,"10486",5,3,3,3,4,3,2,2,4,2,4,2,2,2,5,3
5,"10492",NA,NA,NA,NA,NA,NA,NA,NA,NA,NA,NA,NA,NA,NA,NA,NA
5,"10494",3,3,5,3,4,3,2,3,5,4,5,3,4,3,4,3
5,"10496",NA,NA,NA,NA,NA,NA,NA,NA,NA,NA,NA,NA,NA,NA,NA,NA
5,"10500",2,3,2,2,3,2,4,3,2,2,1,3,4,2,2,3
5,"10508",4,3,5,4,5,3,2,2,4,3,4,4,2,2,4,3
5,"10509",5,4,4,3,4,3,2,1,3,3,4,3,2,2,4,3
5,"10512",3,3,4,3,4,3,4,3,4,3,4,3,1,4,5,4
5,"10513",4,2,5,3,4,3,2,2,4,3,4,3,3,2,2,2
5,"10515",3,3,3,3,3,3,3,3,4,3,3,3,2,3,3,3
5,"10517",2,3,5,4,4,3,2,2,5,4,4,3,2,3,2,2
5,"10518",5,3,5,4,5,3,1,4,5,4,4,3,1,4,3,3
5,"10525",NA,NA,NA,NA,NA,NA,NA,NA,NA,NA,NA,NA,NA,NA,NA,NA
5,"10529",NA,NA,NA,NA,NA,NA,NA,NA,NA,NA,NA,NA,NA,NA,NA,NA
5,"10530",5,3,4,3,5,3,2,2,4,3,4,3,1,4,5,3
5,"10533",4,3,4,4,5,3,3,2,5,3,5,3,2,3,3,2
5,"10537",4,3,5,3,5,3,2,4,4,3,4,4,1,4,4,3
5,"10538",NA,NA,NA,NA,NA,NA,NA,NA,NA,NA,NA,NA,NA,NA,NA,NA
5,"10541",NA,NA,NA,NA,NA,NA,NA,NA,NA,NA,NA,NA,NA,NA,NA,NA
5,"10543",4,4,5,3,4,3,3,3,4,3,5,3,2,3,3,3
6,"4",4,3,3,2,4,3,3,3,2,2,4,3,2,3,4,2
6,"7",NA,NA,NA,NA,NA,NA,NA,NA,NA,NA,NA,NA,NA,NA,NA,NA
6,"10",4,4,5,4,2,3,4,3,4,2,1,4,4,2,1,4
6,"12",NA,NA,NA,NA,NA,NA,NA,NA,NA,NA,NA,NA,NA,NA,NA,NA
6,"17",NA,NA,NA,NA,NA,NA,NA,NA,NA,NA,NA,NA,NA,NA,NA,NA
6,"20",4,3,4,3,4,3,3,2,4,4,4,3,3,3,4,4
6,"27",NA,NA,NA,NA,NA,NA,NA,NA,NA,NA,NA,NA,NA,NA,NA,NA
6,"31",5,3,5,3,5,3,1,2,5,4,5,3,1,2,5,3
6,"36",NA,NA,NA,NA,NA,NA,NA,NA,NA,NA,NA,NA,NA,NA,NA,NA
6,"40",NA,NA,NA,NA,NA,NA,NA,NA,NA,NA,NA,NA,NA,NA,NA,NA
6,"41",NA,NA,NA,NA,NA,NA,NA,NA,NA,NA,NA,NA,NA,NA,NA,NA
6,"44",3,3,5,4,4,3,2,1,5,4,4,4,2,3,2,2
6,"46",5,3,4,3,4,3,4,3,4,3,4,3,3,3,4,3
6,"47",NA,NA,NA,NA,NA,NA,NA,NA,NA,NA,NA,NA,NA,NA,NA,NA
6,"49",NA,NA,NA,NA,NA,NA,NA,NA,NA,NA,NA,NA,NA,NA,NA,NA
6,"51",NA,NA,NA,NA,NA,NA,NA,NA,NA,NA,NA,NA,NA,NA,NA,NA
6,"53",NA,NA,NA,NA,NA,NA,NA,NA,NA,NA,NA,NA,NA,NA,NA,NA
6,"54",4,2,4,3,4,1,4,1,4,3,4,3,4,2,5,4
6,"59",NA,NA,NA,NA,NA,NA,NA,NA,NA,NA,NA,NA,NA,NA,NA,NA
6,"61",NA,NA,NA,NA,NA,NA,NA,NA,NA,NA,NA,NA,NA,NA,NA,NA
6,"62",NA,NA,NA,NA,NA,NA,NA,NA,NA,NA,NA,NA,NA,NA,NA,NA
6,"64",NA,NA,NA,NA,NA,NA,NA,NA,NA,NA,NA,NA,NA,NA,NA,NA
6,"68",NA,NA,NA,NA,NA,NA,NA,NA,NA,NA,NA,NA,NA,NA,NA,NA
6,"69",4,3,4,3,5,3,3,2,4,3,4,3,2,3,4,3
6,"70",NA,NA,NA,NA,NA,NA,NA,NA,NA,NA,NA,NA,NA,NA,NA,NA
6,"72",NA,NA,NA,NA,NA,NA,NA,NA,NA,NA,NA,NA,NA,NA,NA,NA
6,"74",NA,NA,NA,NA,NA,NA,NA,NA,NA,NA,NA,NA,NA,NA,NA,NA
6,"78",NA,NA,NA,NA,NA,NA,NA,NA,NA,NA,NA,NA,NA,NA,NA,NA
6,"79",NA,NA,NA,NA,NA,NA,NA,NA,NA,NA,NA,NA,NA,NA,NA,NA
6,"83",4,3,2,3,4,3,2,3,3,2,4,3,2,3,4,3
6,"86",NA,NA,NA,NA,NA,NA,NA,NA,NA,NA,NA,NA,NA,NA,NA,NA
6,"87",NA,NA,NA,NA,NA,NA,NA,NA,NA,NA,NA,NA,NA,NA,NA,NA
6,"90",NA,NA,NA,NA,NA,NA,NA,NA,NA,NA,NA,NA,NA,NA,NA,NA
6,"93",NA,NA,NA,NA,NA,NA,NA,NA,NA,NA,NA,NA,NA,NA,NA,NA
6,"94",2,3,2,3,3,2,3,3,3,2,2,1,3,3,2,2
6,"95",5,3,4,3,4,3,2,3,2,3,4,3,2,3,1,4
6,"98",5,3,4,3,4,3,3,2,5,4,5,4,3,2,5,4
6,"101",4,3,4,4,5,3,2,3,3,3,4,3,1,4,4,4
6,"103",NA,NA,NA,NA,NA,NA,NA,NA,NA,NA,NA,NA,NA,NA,NA,NA
6,"10108",4,3,3,3,4,2,4,2,5,4,3,1,3,3,4,3
6,"10109",5,3,5,4,5,3,2,1,5,3,5,4,2,1,4,3
6,"10110",5,4,5,4,5,4,2,3,5,4,5,4,3,3,4,3
6,"10111",3,2,4,4,4,3,1,3,4,3,5,4,2,3,4,4
6,"10114",4,4,3,3,4,3,3,3,5,3,5,3,3,1,4,2
6,"10124",4,3,4,3,4,3,3,2,4,4,4,3,2,2,3,2
6,"10126",4,3,3,2,3,3,2,2,4,3,3,3,2,2,3,3
6,"10127",5,4,4,3,4,3,3,4,3,3,4,3,2,3,4,4
6,"10128",4,3,5,3,5,3,2,3,4,3,4,3,2,3,5,3
6,"10131",4,3,4,3,5,3,2,3,4,3,5,3,2,3,5,3
6,"10132",3,3,2,3,4,3,2,3,4,4,4,4,2,3,4,4
6,"10133",NA,NA,NA,NA,NA,NA,NA,NA,NA,NA,NA,NA,NA,NA,NA,NA
6,"10137",4,3,4,3,3,2,3,2,4,3,3,2,3,2,1,3
6,"10139",5,3,4,2,4,2,2,2,5,4,4,2,3,1,5,4
6,"10141",4,4,5,4,5,4,2,3,5,4,5,4,1,3,4,3
6,"10144",NA,NA,NA,NA,NA,NA,NA,NA,NA,NA,NA,NA,NA,NA,NA,NA
6,"10147",NA,NA,NA,NA,NA,NA,NA,NA,NA,NA,NA,NA,NA,NA,NA,NA
6,"10150",4,4,4,3,4,3,2,3,5,4,4,3,5,4,3,3
6,"10154",3,3,4,3,3,3,3,3,2,2,3,3,3,3,3,3
6,"10155",5,3,4,3,5,3,3,3,4,3,4,3,2,3,5,3
6,"10157",4,3,5,4,4,3,2,3,3,3,4,3,2,3,4,3
6,"10158",4,2,4,3,4,3,4,3,3,2,4,3,4,3,4,3
6,"10159",NA,NA,NA,NA,NA,NA,NA,NA,NA,NA,NA,NA,NA,NA,NA,NA
6,"10166",4,2,4,3,3,2,3,2,4,3,2,2,3,3,2,2
6,"10171",3,3,5,3,4,3,2,3,4,3,4,3,2,3,4,3
6,"10172",2,3,3,2,2,1,4,2,4,2,3,2,4,3,4,3
6,"10174",5,3,3,3,4,3,5,3,4,3,3,2,5,3,4,4
6,"10175",4,3,4,3,4,3,2,3,4,4,4,3,3,3,4,3
6,"10181",NA,NA,NA,NA,NA,NA,NA,NA,NA,NA,NA,NA,NA,NA,NA,NA
6,"10184",4,3,4,3,4,3,3,3,4,3,4,3,3,3,4,3
6,"10188",4,2,4,2,3,1,5,1,2,1,3,1,5,3,1,3
6,"10192",5,4,5,3,5,3,4,3,5,3,5,3,4,3,5,4
6,"10193",4,3,4,3,2,2,5,3,2,2,3,2,5,3,2,3
6,"10197",NA,NA,NA,NA,NA,NA,NA,NA,NA,NA,NA,NA,NA,NA,NA,NA
6,"10198",NA,NA,NA,NA,NA,NA,NA,NA,NA,NA,NA,NA,NA,NA,NA,NA
6,"10200",4,3,5,4,5,4,1,3,5,4,4,3,2,3,5,4
6,"10204",NA,NA,NA,NA,NA,NA,NA,NA,NA,NA,NA,NA,NA,NA,NA,NA
6,"10210",4,3,5,3,5,3,4,3,3,2,4,3,4,3,3,3
6,"10212",4,3,4,3,4,3,3,2,4,3,4,3,2,3,4,4
6,"10213",5,4,5,4,5,4,5,4,5,4,5,4,1,4,4,3
6,"10217",NA,NA,NA,NA,NA,NA,NA,NA,NA,NA,NA,NA,NA,NA,NA,NA
6,"10219",5,4,5,3,5,3,1,3,4,3,4,3,2,2,5,3
6,"10221",5,3,3,3,4,3,3,3,2,3,4,3,2,3,5,3
6,"10231",NA,NA,NA,NA,NA,NA,NA,NA,NA,NA,NA,NA,NA,NA,NA,NA
6,"10232",NA,NA,NA,NA,NA,NA,NA,NA,NA,NA,NA,NA,NA,NA,NA,NA
6,"10237",3,2,4,3,4,3,2,2,5,3,4,3,3,3,4,3
6,"10238",NA,NA,NA,NA,NA,NA,NA,NA,NA,NA,NA,NA,NA,NA,NA,NA
6,"10240",5,4,5,4,4,3,2,3,5,4,4,3,3,3,5,3
6,"10242",4,3,4,3,3,3,2,1,5,4,3,2,3,3,3,2
6,"10248",3,3,4,3,4,3,2,3,4,3,4,3,4,1,4,3
6,"10250",4,3,5,4,3,3,3,3,5,3,4,3,2,3,3,3
6,"10251",4,3,4,3,4,3,2,4,4,3,5,4,2,4,5,4
6,"10255",5,3,3,3,3,3,2,2,4,3,4,3,2,2,5,4
6,"10259",5,4,5,4,4,4,2,3,4,3,4,3,2,4,5,3
6,"10266",5,4,5,4,5,3,2,3,5,4,5,3,1,4,5,3
6,"10267",5,4,5,3,5,4,2,2,2,1,4,3,5,4,2,2
6,"10271",4,3,4,3,4,2,3,2,4,3,4,3,3,2,3,2
6,"10277",4,2,4,3,4,3,2,2,5,2,4,3,2,3,2,3
6,"10280",4,3,5,4,5,3,2,3,5,4,4,3,4,3,4,3
6,"10281",3,4,5,4,4,3,2,3,4,3,4,3,4,3,5,3
6,"10285",2,2,4,3,2,3,3,3,2,3,3,3,4,3,1,4
6,"10286",3,3,4,3,3,3,3,2,5,4,4,3,3,2,4,3
6,"10292",NA,NA,NA,NA,NA,NA,NA,NA,NA,NA,NA,NA,NA,NA,NA,NA
6,"10293",4,3,5,3,5,3,2,2,5,4,4,3,1,1,4,3
6,"10295",3,3,4,3,4,3,2,2,4,2,4,3,3,3,3,3
6,"10299",3,2,4,3,4,2,4,3,5,3,4,2,2,3,4,3
6,"10304",4,3,5,4,5,3,2,3,4,3,4,3,3,3,3,2
6,"10308",NA,NA,NA,NA,NA,NA,NA,NA,NA,NA,NA,NA,NA,NA,NA,NA
6,"10310",4,3,4,3,4,3,3,2,2,2,4,3,3,3,2,3
6,"10313",4,2,5,3,2,2,5,3,4,4,3,2,4,3,2,3
6,"10316",NA,NA,NA,NA,NA,NA,NA,NA,NA,NA,NA,NA,NA,NA,NA,NA
6,"10320",NA,NA,NA,NA,NA,NA,NA,NA,NA,NA,NA,NA,NA,NA,NA,NA
6,"10323",5,3,5,4,5,3,2,3,5,4,5,3,1,3,5,4
6,"10326",NA,NA,NA,NA,NA,NA,NA,NA,NA,NA,NA,NA,NA,NA,NA,NA
6,"10329",3,3,5,3,4,3,2,3,5,4,4,3,2,3,4,3
6,"10330",5,4,5,4,5,4,2,3,5,3,5,3,2,3,5,4
6,"10332",4,3,5,4,4,3,3,2,5,4,5,3,3,2,3,2
6,"10340",NA,NA,NA,NA,NA,NA,NA,NA,NA,NA,NA,NA,NA,NA,NA,NA
6,"10350",5,3,5,4,5,3,2,3,5,4,4,3,3,3,4,3
6,"10353",NA,NA,NA,NA,NA,NA,NA,NA,NA,NA,NA,NA,NA,NA,NA,NA
6,"10367",NA,NA,NA,NA,NA,NA,NA,NA,NA,NA,NA,NA,NA,NA,NA,NA
6,"10369",4,3,5,4,4,4,4,3,5,4,4,3,4,2,3,3
6,"10371",4,4,5,4,5,3,2,3,5,4,5,4,2,4,4,4
6,"10374",5,3,5,4,5,4,1,3,5,4,5,4,1,4,5,4
6,"10379",5,3,4,3,5,4,3,3,5,3,4,3,3,2,4,3
6,"10380",4,3,4,3,3,3,3,2,3,2,4,3,5,2,4,3
6,"10392",4,3,5,4,4,3,1,4,4,3,5,4,2,3,4,3
6,"10402",4,2,4,3,3,2,4,3,3,2,2,2,4,3,3,2
6,"10404",4,3,4,3,4,3,2,3,4,3,4,4,3,3,5,3
6,"10411",5,3,4,3,5,3,2,1,5,4,3,3,2,3,1,3
6,"10413",NA,NA,NA,NA,NA,NA,NA,NA,NA,NA,NA,NA,NA,NA,NA,NA
6,"10415",4,3,4,3,4,3,2,2,3,3,4,3,1,1,3,3
6,"10418",3,3,4,3,4,2,3,3,5,4,4,2,3,2,4,3
6,"10427",4,3,5,4,4,3,2,3,5,4,4,3,2,3,4,3
6,"10428",4,3,4,3,4,3,2,3,5,3,5,3,2,3,4,3
6,"10429",3,2,5,3,4,3,2,3,4,3,4,4,3,3,4,3
6,"10431",4,3,5,4,4,3,4,3,4,3,4,4,4,3,5,4
6,"10432",4,3,3,3,4,3,3,2,3,3,3,3,3,3,3,3
6,"10433",5,3,5,3,4,3,2,3,5,3,4,3,4,3,3,3
6,"10437",NA,NA,NA,NA,NA,NA,NA,NA,NA,NA,NA,NA,NA,NA,NA,NA
6,"10439",5,3,4,3,5,4,1,4,3,3,5,4,2,3,5,4
6,"10440",NA,NA,NA,NA,NA,NA,NA,NA,NA,NA,NA,NA,NA,NA,NA,NA
6,"10447",4,3,4,3,4,3,3,3,4,3,4,NA,3,3,4,3
6,"10448",5,3,5,4,3,3,3,3,5,4,3,3,2,3,4,4
6,"10450",1,4,5,4,4,3,2,3,4,4,4,3,4,2,3,3
6,"10454",4,2,4,3,4,3,3,2,4,3,4,3,2,2,4,2
6,"10455",4,3,5,4,4,3,4,2,5,3,3,2,4,3,2,3
6,"10459",5,4,4,3,4,3,2,3,4,3,4,3,2,3,4,3
6,"10461",5,4,5,4,4,4,3,3,5,3,4,3,2,2,5,3
6,"10465",5,4,4,3,5,4,2,4,4,1,5,4,2,3,4,3
6,"10470",4,3,4,3,4,3,2,3,5,4,4,3,3,3,2,3
6,"10475",5,4,5,4,5,3,3,3,5,4,4,3,4,3,4,3
6,"10476",4,3,3,3,4,3,2,3,4,3,4,3,3,3,4,3
6,"10477",4,3,4,3,4,3,3,2,3,2,4,3,3,2,4,3
6,"10481",4,3,4,3,5,3,2,3,4,3,4,3,2,3,4,3
6,"10485",5,3,4,3,5,3,2,2,4,3,4,3,2,3,4,4
6,"10487",3,3,5,4,4,3,2,4,5,4,4,4,3,3,4,3
6,"10492",4,3,2,2,5,3,2,2,4,3,5,3,3,2,4,3
6,"10493",5,4,5,3,5,3,2,3,5,3,5,3,4,3,5,4
6,"10508",5,3,5,4,5,3,2,2,4,3,5,4,3,2,4,3
6,"10509",5,4,2,2,4,3,3,3,2,1,4,3,2,3,4,2
6,"10511",NA,NA,NA,NA,NA,NA,NA,NA,NA,NA,NA,NA,NA,NA,NA,NA
6,"10517",3,3,5,4,4,3,2,3,4,3,4,3,2,3,4,3
6,"10518",3,2,4,3,4,3,4,2,4,3,3,3,3,3,3,3
6,"10523",NA,NA,NA,NA,NA,NA,NA,NA,NA,NA,NA,NA,NA,NA,NA,NA
6,"10532",2,3,4,3,2,3,3,3,3,3,3,3,3,3,3,3
6,"10533",5,3,5,4,5,4,2,3,5,4,5,3,2,4,5,4
6,"10542",4,3,5,4,4,3,2,2,4,3,4,3,3,3,4,3
6,"10543",4,3,4,3,5,3,3,2,4,3,4,3,2,3,4,3
6,"10544",4,3,4,3,4,3,2,3,3,3,4,3,2,3,4,3
7,"2",NA,NA,NA,NA,NA,NA,NA,NA,NA,NA,NA,NA,NA,NA,NA,NA
7,"5",NA,NA,NA,NA,NA,NA,NA,NA,NA,NA,NA,NA,NA,NA,NA,NA
7,"6",NA,NA,NA,NA,NA,NA,NA,NA,NA,NA,NA,NA,NA,NA,NA,NA
7,"7",5,3,3,3,5,3,2,3,4,2,5,4,1,4,2,3
7,"8",NA,NA,NA,NA,NA,NA,NA,NA,NA,NA,NA,NA,NA,NA,NA,NA
7,"10",NA,NA,NA,NA,NA,NA,NA,NA,NA,NA,NA,NA,NA,NA,NA,NA
7,"11",NA,NA,NA,NA,NA,NA,NA,NA,NA,NA,NA,NA,NA,NA,NA,NA
7,"12",NA,NA,NA,NA,NA,NA,NA,NA,NA,NA,NA,NA,NA,NA,NA,NA
7,"19",NA,NA,NA,NA,NA,NA,NA,NA,NA,NA,NA,NA,NA,NA,NA,NA
7,"20",NA,NA,NA,NA,NA,NA,NA,NA,NA,NA,NA,NA,NA,NA,NA,NA
7,"23",4,3,5,4,5,4,2,3,5,4,NA,NA,4,3,4,3
7,"26",NA,NA,NA,NA,NA,NA,NA,NA,NA,NA,NA,NA,NA,NA,NA,NA
7,"31",NA,NA,NA,NA,NA,NA,NA,NA,NA,NA,NA,NA,NA,NA,NA,NA
7,"35",NA,NA,NA,NA,NA,NA,NA,NA,NA,NA,NA,NA,NA,NA,NA,NA
7,"36",3,2,4,3,2,3,3,3,5,4,3,2,4,3,2,3
7,"45",NA,NA,NA,NA,NA,NA,NA,NA,NA,NA,NA,NA,NA,NA,NA,NA
7,"47",NA,NA,NA,NA,NA,NA,NA,NA,NA,NA,NA,NA,NA,NA,NA,NA
7,"49",2,1,5,3,3,3,2,3,5,4,3,3,5,3,2,2
7,"53",4,3,4,3,4,3,3,3,3,3,4,2,4,3,3,3
7,"54",NA,NA,NA,NA,NA,NA,NA,NA,NA,NA,NA,NA,NA,NA,NA,NA
7,"56",NA,NA,NA,NA,NA,NA,NA,NA,NA,NA,NA,NA,NA,NA,NA,NA
7,"57",4,3,5,4,4,2,3,2,5,4,4,3,2,3,5,3
7,"59",NA,NA,NA,NA,NA,NA,NA,NA,NA,NA,NA,NA,NA,NA,NA,NA
7,"68",NA,NA,NA,NA,NA,NA,NA,NA,NA,NA,NA,NA,NA,NA,NA,NA
7,"72",NA,NA,NA,NA,NA,NA,NA,NA,NA,NA,NA,NA,NA,NA,NA,NA
7,"83",5,4,4,4,5,4,1,3,4,3,4,3,2,3,4,4
7,"87",5,3,5,3,4,3,2,1,4,3,5,4,1,4,5,3
7,"91",4,3,3,2,4,3,3,3,4,3,4,3,2,3,5,3
7,"93",NA,NA,NA,NA,NA,NA,NA,NA,NA,NA,NA,NA,NA,NA,NA,NA
7,"98",2,3,5,3,3,3,3,3,5,3,3,2,3,3,3,3
7,"103",4,3,4,3,4,3,2,3,3,2,4,3,2,3,3,3
7,"104",5,3,5,3,4,3,4,3,5,4,3,3,2,3,3,3
7,"10106",4,3,4,3,NA,NA,NA,NA,NA,NA,NA,NA,NA,NA,NA,NA
7,"10108",3,3,3,2,2,3,5,3,NA,NA,3,3,NA,NA,2,2
7,"10110",5,4,4,3,4,3,2,3,2,2,4,3,2,3,5,3
7,"10111",4,3,4,3,5,3,2,3,5,4,4,3,2,3,4,3
7,"10123",3,3,5,3,4,3,2,3,4,3,4,3,3,3,3,3
7,"10124",2,3,3,3,2,1,3,3,4,3,2,1,3,3,1,3
7,"10125",3,3,4,4,4,3,2,2,5,4,4,3,3,2,4,3
7,"10127",5,3,3,2,5,3,1,3,3,2,5,3,1,3,4,3
7,"10131",5,3,5,4,5,3,2,3,5,4,4,4,2,3,5,3
7,"10134",1,3,4,4,4,3,3,3,5,4,4,3,4,3,4,3
7,"10138",3,3,4,3,4,3,2,3,4,3,4,3,4,3,2,3
7,"10141",3,3,5,3,4,3,2,3,5,3,4,3,3,3,4,3
7,"10143",4,3,4,3,4,3,3,3,4,3,4,3,3,2,4,3
7,"10144",4,2,4,3,4,3,2,3,5,3,4,3,2,3,5,3
7,"10155",5,4,5,4,4,3,2,2,4,3,4,3,1,1,4,3
7,"10157",4,3,5,4,5,3,2,3,4,3,4,4,2,3,4,3
7,"10161",NA,NA,NA,NA,NA,NA,NA,NA,NA,NA,NA,NA,NA,NA,NA,NA
7,"10166",5,3,5,4,5,3,2,1,5,3,5,3,3,2,4,3
7,"10172",NA,NA,NA,NA,NA,NA,NA,NA,NA,NA,NA,NA,NA,NA,NA,NA
7,"10174",5,3,4,3,5,4,2,2,4,3,5,3,2,3,5,4
7,"10177",NA,NA,NA,NA,NA,NA,NA,NA,NA,NA,NA,NA,NA,NA,NA,NA
7,"10178",NA,NA,NA,NA,NA,NA,NA,NA,NA,NA,NA,NA,NA,NA,NA,NA
7,"10185",NA,NA,NA,NA,NA,NA,NA,NA,NA,NA,NA,NA,NA,NA,NA,NA
7,"10186",5,4,5,4,5,3,3,2,5,4,4,3,3,2,5,3
7,"10188",4,3,5,4,4,2,2,2,4,3,4,3,3,3,4,3
7,"10199",4,3,4,3,4,3,2,3,4,3,4,3,2,3,4,3
7,"10204",5,3,4,3,4,3,1,3,4,3,4,3,2,3,4,3
7,"10205",5,4,4,3,4,3,2,3,3,3,3,3,3,2,3,3
7,"10208",4,3,5,3,4,3,2,3,5,3,4,3,2,2,4,3
7,"10212",5,4,5,4,4,3,1,3,4,3,5,4,2,2,4,3
7,"10213",4,3,5,4,5,4,1,3,5,3,5,3,2,3,4,3
7,"10217",3,3,3,3,3,3,2,3,5,4,3,3,4,3,3,3
7,"10220",5,4,5,4,5,4,1,4,5,4,5,4,1,4,5,4
7,"10231",NA,NA,NA,NA,NA,NA,NA,NA,NA,NA,NA,NA,NA,NA,NA,NA
7,"10247",4,3,5,3,3,3,2,2,5,4,3,3,2,2,4,3
7,"10249",5,4,5,4,5,4,3,3,5,4,5,3,3,2,4,3
7,"10250",3,3,4,3,4,3,2,2,4,3,4,3,2,3,3,2
7,"10267",5,4,5,4,5,4,2,4,4,3,5,4,4,3,5,4
7,"10268",NA,NA,NA,NA,NA,NA,NA,NA,NA,NA,NA,NA,NA,NA,NA,NA
7,"10274",4,1,5,4,5,3,2,4,5,4,5,3,3,3,5,3
7,"10277",NA,NA,NA,NA,NA,NA,NA,NA,NA,NA,NA,NA,NA,NA,NA,NA
7,"10291",4,3,5,4,4,3,2,2,4,2,4,3,3,3,4,3
7,"10292",NA,NA,NA,NA,NA,NA,NA,NA,NA,NA,NA,NA,NA,NA,NA,NA
7,"10308",5,3,5,4,5,3,2,3,5,4,5,4,2,3,5,4
7,"10320",5,3,4,3,5,4,2,4,3,2,5,4,2,3,5,4
7,"10329",4,2,5,4,5,3,2,3,4,3,5,3,1,4,4,3
7,"10336",4,3,3,3,3,3,3,3,3,3,3,3,2,3,3,3
7,"10340",5,3,4,3,4,3,2,3,5,4,5,4,4,2,4,3
7,"10342",2,2,5,4,4,3,2,3,5,4,4,3,1,3,4,3
7,"10345",4,3,5,4,4,3,5,2,4,3,3,3,5,3,3,3
7,"10347",3,3,5,3,4,3,2,3,5,4,4,3,3,3,3,4
7,"10350",NA,NA,NA,NA,NA,NA,NA,NA,NA,NA,NA,NA,NA,NA,NA,NA
7,"10359",3,3,5,4,4,4,2,4,5,4,5,4,2,3,4,4
7,"10360",3,2,4,3,5,3,2,3,5,4,4,3,2,3,4,3
7,"10366",4,3,5,3,4,3,2,4,5,4,4,4,2,4,3,3
7,"10370",NA,NA,NA,NA,NA,NA,NA,NA,NA,NA,NA,NA,NA,NA,NA,NA
7,"10371",4,3,3,3,5,3,2,3,4,4,5,4,4,3,3,3
7,"10379",5,3,4,3,5,4,2,4,5,4,5,3,1,4,4,3
7,"10381",3,4,4,3,4,3,2,3,4,3,5,3,2,4,4,3
7,"10386",2,2,5,3,3,3,2,3,5,4,2,3,3,2,3,3
7,"10388",4,3,4,3,4,3,2,3,4,3,4,3,4,3,3,3
7,"10411",NA,NA,NA,NA,NA,NA,NA,NA,NA,NA,NA,NA,NA,NA,NA,NA
7,"10413",NA,NA,NA,NA,NA,NA,NA,NA,NA,NA,NA,NA,NA,NA,NA,NA
7,"10415",5,3,4,3,4,3,3,3,4,3,4,3,2,3,5,3
7,"10417",5,3,5,4,5,3,2,3,5,4,5,3,3,3,5,3
7,"10422",4,3,4,3,5,3,2,3,3,3,4,3,2,3,4,3
7,"10427",4,3,5,3,4,3,4,3,3,3,4,2,3,3,2,2
7,"10429",4,3,4,3,4,3,2,3,4,3,4,3,3,2,4,3
7,"10432",4,3,2,3,4,3,4,2,5,3,3,2,4,3,5,4
7,"10440",5,3,5,4,4,3,2,1,4,3,5,3,2,3,4,3
7,"10444",NA,NA,NA,NA,NA,NA,NA,NA,NA,NA,NA,NA,NA,NA,NA,NA
7,"10445",3,3,5,4,3,2,4,2,5,4,3,2,4,4,2,3
7,"10448",5,3,5,4,4,3,3,3,5,4,4,3,2,4,3,3
7,"10450",1,3,5,4,4,3,2,3,5,4,4,3,2,3,3,2
7,"10453",NA,NA,NA,NA,NA,NA,NA,NA,NA,NA,NA,NA,NA,NA,NA,NA
7,"10459",4,3,4,3,2,3,3,1,4,4,3,2,5,4,2,2
7,"10460",NA,NA,NA,NA,NA,NA,NA,NA,NA,NA,NA,NA,NA,NA,NA,NA
7,"10461",5,3,5,4,5,3,2,3,5,4,5,3,1,4,4,3
7,"10463",4,3,5,3,4,3,2,2,5,4,4,3,3,3,4,3
7,"10469",4,3,4,3,4,2,3,2,4,2,4,2,3,2,4,2
7,"10470",4,3,5,4,5,3,2,3,5,3,5,4,3,3,3,3
7,"10471",4,3,3,3,3,3,3,3,4,3,3,3,4,3,4,3
7,"10479",2,3,3,3,3,3,3,2,2,2,3,3,2,2,3,3
7,"10485",NA,NA,NA,NA,NA,NA,NA,NA,NA,NA,NA,NA,NA,NA,NA,NA
7,"10490",4,3,4,3,4,3,2,3,4,3,4,3,2,3,4,3
7,"10492",4,3,5,4,5,3,3,2,4,4,5,4,3,2,4,3
7,"10493",5,4,4,3,5,3,2,4,5,4,5,4,2,3,5,4
7,"10494",4,3,4,3,5,3,2,3,4,3,4,3,2,3,3,4
7,"10496",4,3,5,3,5,3,2,3,5,3,4,3,2,3,5,3
7,"10497",5,4,5,4,5,3,2,3,5,4,5,4,2,4,5,3
7,"10498",NA,NA,NA,NA,NA,NA,NA,NA,NA,NA,NA,NA,NA,NA,NA,NA
7,"10515",3,3,4,3,3,3,2,2,4,4,4,3,2,4,4,3
7,"10517",3,3,5,4,5,3,1,4,5,4,4,3,3,3,4,3
7,"10522",NA,NA,NA,NA,NA,NA,NA,NA,NA,NA,NA,NA,NA,NA,NA,NA
7,"10524",4,3,3,3,4,3,3,3,5,4,4,3,2,3,4,3
7,"10525",NA,NA,NA,NA,NA,NA,NA,NA,NA,NA,NA,NA,NA,NA,NA,NA
7,"10530",4,3,5,3,4,3,3,2,4,3,4,3,2,3,2,2
7,"10536",4,3,5,4,5,3,2,3,5,4,4,3,2,3,4,3
7,"10537",4,3,5,3,5,3,2,3,5,3,4,3,2,3,5,3
7,"10541",4,3,5,3,4,3,3,3,5,4,4,3,4,4,4,3
8,"2",NA,NA,NA,NA,NA,NA,NA,NA,NA,NA,NA,NA,NA,NA,NA,NA
8,"4",NA,NA,NA,NA,NA,NA,NA,NA,NA,NA,NA,NA,NA,NA,NA,NA
8,"6",NA,NA,NA,NA,NA,NA,NA,NA,NA,NA,NA,NA,NA,NA,NA,NA
8,"7",3,3,4,3,4,3,2,3,3,3,4,3,2,3,5,3
8,"8",NA,NA,NA,NA,NA,NA,NA,NA,NA,NA,NA,NA,NA,NA,NA,NA
8,"10",3,2,5,3,2,2,4,3,4,3,2,2,5,3,1,3
8,"11",NA,NA,NA,NA,NA,NA,NA,NA,NA,NA,NA,NA,NA,NA,NA,NA
8,"12",NA,NA,NA,NA,NA,NA,NA,NA,NA,NA,NA,NA,NA,NA,NA,NA
8,"17",NA,NA,NA,NA,NA,NA,NA,NA,NA,NA,NA,NA,NA,NA,NA,NA
8,"18",NA,NA,NA,NA,NA,NA,NA,NA,NA,NA,NA,NA,NA,NA,NA,NA
8,"19",NA,NA,NA,NA,NA,NA,NA,NA,NA,NA,NA,NA,NA,NA,NA,NA
8,"20",NA,NA,NA,NA,NA,NA,NA,NA,NA,NA,NA,NA,NA,NA,NA,NA
8,"22",NA,NA,NA,NA,NA,NA,NA,NA,NA,NA,NA,NA,NA,NA,NA,NA
8,"23",NA,NA,NA,NA,NA,NA,NA,NA,NA,NA,NA,NA,NA,NA,NA,NA
8,"26",NA,NA,NA,NA,NA,NA,NA,NA,NA,NA,NA,NA,NA,NA,NA,NA
8,"35",NA,NA,NA,NA,NA,NA,NA,NA,NA,NA,NA,NA,NA,NA,NA,NA
8,"41",4,3,5,4,5,3,3,3,5,4,5,3,2,3,5,3
8,"44",4,3,5,4,4,3,4,3,5,3,3,3,3,3,4,3
8,"45",NA,NA,NA,NA,NA,NA,NA,NA,NA,NA,NA,NA,NA,NA,NA,NA
8,"46",5,3,5,3,4,3,2,3,4,3,4,3,2,3,4,3
8,"47",NA,NA,NA,NA,NA,NA,NA,NA,NA,NA,NA,NA,NA,NA,NA,NA
8,"48",5,4,5,4,5,4,1,4,5,4,5,4,1,4,5,4
8,"51",NA,NA,NA,NA,NA,NA,NA,NA,NA,NA,NA,NA,NA,NA,NA,NA
8,"52",NA,NA,NA,NA,NA,NA,NA,NA,NA,NA,NA,NA,NA,NA,NA,NA
8,"53",NA,NA,NA,NA,NA,NA,NA,NA,NA,NA,NA,NA,NA,NA,NA,NA
8,"54",NA,NA,NA,NA,NA,NA,NA,NA,NA,NA,NA,NA,NA,NA,NA,NA
8,"57",NA,NA,NA,NA,NA,NA,NA,NA,NA,NA,NA,NA,NA,NA,NA,NA
8,"64",NA,NA,NA,NA,NA,NA,NA,NA,NA,NA,NA,NA,NA,NA,NA,NA
8,"73",NA,NA,NA,NA,NA,NA,NA,NA,NA,NA,NA,NA,NA,NA,NA,NA
8,"74",NA,NA,NA,NA,NA,NA,NA,NA,NA,NA,NA,NA,NA,NA,NA,NA
8,"80",NA,NA,NA,NA,NA,NA,NA,NA,NA,NA,NA,NA,NA,NA,NA,NA
8,"83",5,3,2,2,5,3,3,2,4,2,5,3,1,3,5,3
8,"85",NA,NA,NA,NA,NA,NA,NA,NA,NA,NA,NA,NA,NA,NA,NA,NA
8,"87",3,2,5,3,4,3,2,3,5,4,4,3,2,3,4,3
8,"89",4,3,4,2,4,3,2,3,4,3,5,3,3,2,2,2
8,"91",2,3,5,4,5,3,2,4,5,4,5,3,1,3,4,3
8,"92",4,3,4,3,5,3,2,3,5,4,5,4,2,3,5,4
8,"94",3,3,4,3,3,3,2,3,5,4,4,3,3,3,3,3
8,"95",NA,NA,NA,NA,NA,NA,NA,NA,NA,NA,NA,NA,NA,NA,NA,NA
8,"98",4,3,4,3,3,2,3,2,4,3,3,2,2,3,3,3
8,"101",NA,NA,NA,NA,NA,NA,NA,NA,NA,NA,NA,NA,NA,NA,NA,NA
8,"103",NA,NA,NA,NA,NA,NA,NA,NA,NA,NA,NA,NA,NA,NA,NA,NA
8,"104",NA,NA,NA,NA,NA,NA,NA,NA,NA,NA,NA,NA,NA,NA,NA,NA
8,"10105",3,3,4,3,4,3,4,3,4,3,3,3,3,3,3,3
8,"10108",3,3,4,3,4,3,3,3,4,3,4,3,2,3,4,3
8,"10109",5,3,5,4,5,4,1,3,4,3,5,3,2,3,5,4
8,"10110",4,4,3,3,4,3,3,3,3,3,4,3,3,3,4,3
8,"10111",2,3,5,4,5,3,1,3,5,4,5,4,2,3,5,3
8,"10113",3,2,5,3,4,3,2,3,4,3,4,3,3,3,2,3
8,"10116",4,3,4,3,4,3,3,2,5,3,4,3,3,2,4,3
8,"10117",5,3,3,3,4,3,2,3,5,3,4,3,2,3,5,4
8,"10118",2,3,5,4,5,4,2,3,5,4,4,3,3,3,5,4
8,"10121",4,3,5,3,3,3,4,3,4,3,5,3,1,3,4,3
8,"10122",3,3,5,4,4,3,3,3,5,4,3,3,2,3,4,3
8,"10123",4,3,4,3,5,3,2,4,4,3,4,3,2,3,4,3
8,"10124",4,3,5,3,4,3,2,3,5,4,4,3,2,3,4,3
8,"10128",4,3,5,4,4,3,2,2,4,3,4,3,3,2,5,3
8,"10129",3,3,5,3,4,3,2,3,4,3,4,3,2,3,4,3
8,"10130",2,3,5,4,3,3,2,3,5,4,4,3,2,3,3,3
8,"10131",4,3,4,3,4,3,3,3,5,3,4,3,2,3,4,3
8,"10133",3,2,5,3,4,2,2,1,4,3,4,3,2,3,4,3
8,"10137",5,3,5,3,5,3,2,3,5,3,5,3,1,3,5,3
8,"10139",NA,NA,NA,NA,NA,NA,NA,NA,NA,NA,NA,NA,NA,NA,NA,NA
8,"10141",4,3,5,4,4,3,2,3,4,3,4,3,4,2,4,3
8,"10143",3,3,4,3,4,3,2,3,5,3,4,3,2,2,4,3
8,"10144",4,2,4,3,4,3,1,3,5,3,4,3,1,3,4,3
8,"10145",NA,NA,NA,NA,NA,NA,NA,NA,NA,NA,NA,NA,NA,NA,NA,NA
8,"10150",2,3,4,3,4,3,3,3,5,4,3,3,4,3,3,3
8,"10151",3,3,5,3,5,3,2,3,5,4,5,3,1,3,5,3
8,"10154",3,3,3,2,3,2,3,3,3,2,2,3,4,3,2,3
8,"10158",4,3,5,3,4,3,2,3,5,3,5,3,4,3,3,2
8,"10161",4,3,3,3,3,3,3,3,4,3,4,3,2,3,4,3
8,"10166",3,3,4,3,5,3,2,3,4,3,4,3,2,3,4,3
8,"10167",4,3,4,3,5,3,2,3,5,3,4,3,2,3,4,3
8,"10172",3,2,4,3,3,3,2,3,2,3,3,3,3,3,3,3
8,"10173",4,3,5,4,5,3,2,3,5,4,5,4,2,3,5,3
8,"10174",4,3,5,3,4,3,2,3,5,4,4,2,2,3,3,3
8,"10175",4,3,4,3,4,2,3,2,4,3,4,3,3,3,4,3
8,"10177",5,4,4,3,4,3,2,2,5,3,4,3,2,2,5,3
8,"10181",4,3,5,3,5,3,2,3,5,4,4,3,3,3,5,3
8,"10184",NA,NA,NA,NA,NA,NA,NA,NA,NA,NA,NA,NA,NA,NA,NA,NA
8,"10187",2,2,3,2,3,2,3,2,3,3,2,3,4,3,4,3
8,"10194",2,3,2,3,3,3,3,3,3,3,3,3,2,3,3,3
8,"10195",NA,NA,NA,NA,NA,NA,NA,NA,NA,NA,NA,NA,NA,NA,NA,NA
8,"10197",3,3,4,3,4,3,2,3,5,3,3,3,3,3,5,3
8,"10198",3,3,5,4,5,3,2,3,5,4,5,4,2,4,5,4
8,"10199",3,3,5,4,5,4,1,4,4,3,4,3,1,3,4,3
8,"10205",NA,NA,NA,NA,NA,NA,NA,NA,NA,NA,NA,NA,NA,NA,NA,NA
8,"10206",4,3,5,4,5,3,3,3,5,4,4,3,3,3,4,3
8,"10207",2,3,4,3,4,3,2,3,4,3,4,4,3,3,2,3
8,"10212",3,4,5,4,2,3,3,2,4,3,3,3,2,3,3,3
8,"10213",5,4,5,4,4,3,2,3,5,3,4,3,3,3,3,3
8,"10217",1,3,2,3,4,3,2,3,5,4,4,3,4,2,5,4
8,"10219",4,3,4,3,5,3,2,3,4,3,4,3,3,3,4,3
8,"10221",5,4,5,4,4,3,2,2,5,4,5,4,1,4,5,4
8,"10223",4,3,5,4,5,3,3,2,5,4,4,3,3,2,4,3
8,"10227",3,2,3,2,3,3,3,2,3,3,3,3,3,2,3,2
8,"10232",4,3,4,3,3,2,2,2,2,3,3,2,3,3,3,2
8,"10233",4,3,5,3,5,3,2,3,4,3,5,3,2,3,5,3
8,"10234",4,4,5,4,5,4,2,4,5,4,5,4,1,4,4,3
8,"10236",3,3,5,4,4,3,4,3,5,4,4,3,3,3,5,4
8,"10238",1,4,5,4,3,3,5,4,5,4,3,2,5,4,1,4
8,"10239",4,3,5,4,4,3,2,2,5,4,4,3,3,3,4,3
8,"10240",3,3,4,3,3,3,3,3,4,3,3,3,4,3,3,2
8,"10241",3,3,5,3,4,3,2,3,5,3,4,3,1,3,5,3
8,"10242",NA,NA,NA,NA,NA,NA,NA,NA,NA,NA,NA,NA,NA,NA,NA,NA
8,"10243",4,3,4,3,4,3,2,2,4,3,4,3,2,2,3,2
8,"10245",4,3,5,3,4,3,3,3,4,3,4,3,3,3,3,3
8,"10248",4,3,4,3,4,3,2,3,4,3,4,3,2,3,4,3
8,"10250",NA,NA,NA,NA,NA,NA,NA,NA,NA,NA,NA,NA,NA,NA,NA,NA
8,"10253",5,3,5,3,4,3,2,3,5,3,5,3,2,3,5,3
8,"10255",5,3,3,3,4,3,2,3,4,3,4,3,2,3,4,3
8,"10259",4,3,5,4,4,3,2,3,3,3,4,3,2,3,4,3
8,"10266",4,3,4,3,3,3,3,3,5,3,4,3,3,3,4,3
8,"10268",5,4,5,4,5,3,2,3,5,4,4,3,3,2,5,4
8,"10270",5,3,5,4,4,3,3,3,3,2,4,3,2,4,5,3
8,"10274",2,3,4,3,4,3,2,3,4,3,4,3,3,3,4,3
8,"10280",4,3,5,4,5,4,2,3,4,3,4,3,3,3,5,4
8,"10285",NA,NA,NA,NA,NA,NA,NA,NA,NA,NA,NA,NA,NA,NA,NA,NA
8,"10286",5,3,3,3,4,3,2,3,5,4,4,3,3,3,4,3
8,"10288",4,4,5,4,4,4,1,4,5,4,4,4,2,3,4,4
8,"10289",4,3,5,4,4,3,2,3,5,3,4,3,2,3,4,3
8,"10292",4,3,5,3,5,3,3,2,5,3,4,3,3,3,5,3
8,"10295",4,3,5,4,4,3,2,3,5,3,4,3,2,3,4,3
8,"10301",3,2,5,4,4,3,2,3,5,3,4,2,4,3,2,4
8,"10305",5,4,5,4,3,3,2,2,4,3,4,3,2,3,3,3
8,"10309",2,3,4,3,4,3,2,2,3,3,4,3,4,3,3,3
8,"10310",5,4,5,4,4,4,2,3,4,3,4,3,3,3,4,3
8,"10313",NA,NA,NA,NA,NA,NA,NA,NA,NA,NA,NA,NA,NA,NA,NA,NA
8,"10314",5,4,5,4,5,3,2,3,5,4,4,3,2,3,5,3
8,"10317",4,3,5,4,5,3,2,3,5,3,4,3,4,3,4,3
8,"10319",4,3,5,4,4,3,2,3,5,4,4,3,4,3,5,3
8,"10320",5,3,4,3,5,3,2,3,4,2,5,3,2,3,5,3
8,"10326",3,3,4,3,4,3,2,2,4,3,4,3,2,3,4,3
8,"10327",NA,NA,NA,NA,NA,NA,NA,NA,NA,NA,NA,NA,NA,NA,NA,NA
8,"10329",4,3,5,4,5,4,1,4,5,4,5,3,2,3,4,3
8,"10330",5,3,4,3,5,3,2,2,5,3,5,3,1,3,5,4
8,"10335",1,2,5,4,3,1,4,1,5,4,3,3,4,3,4,3
8,"10338",4,3,4,4,4,3,2,3,5,4,4,3,3,3,4,3
8,"10341",4,3,5,3,5,3,2,3,4,3,5,3,1,3,5,3
8,"10342",3,3,4,3,4,3,2,3,5,4,4,3,1,3,5,3
8,"10349",5,3,4,3,4,3,2,3,5,3,4,3,4,3,4,3
8,"10352",4,3,4,3,4,3,2,2,5,3,5,3,2,2,5,3
8,"10353",5,4,4,3,5,4,1,4,5,3,5,4,1,4,5,4
8,"10354",3,3,5,4,4,2,2,3,5,4,4,3,3,2,4,2
8,"10357",4,3,5,3,4,3,2,3,5,3,3,3,3,3,5,3
8,"10360",4,3,5,3,4,3,2,3,4,3,4,3,2,3,4,3
8,"10364",2,3,4,3,3,2,4,3,4,3,2,3,4,3,2,3
8,"10365",4,3,4,3,4,3,2,3,5,4,4,3,2,3,4,3
8,"10366",4,3,4,3,4,3,2,3,5,4,4,3,2,3,5,4
8,"10367",3,3,5,4,4,3,3,2,5,4,4,3,4,3,3,1
8,"10369",NA,NA,NA,NA,NA,NA,NA,NA,NA,NA,NA,NA,NA,NA,NA,NA
8,"10370",4,3,5,3,4,3,2,3,5,3,4,3,2,2,4,3
8,"10371",3,3,5,4,4,3,2,3,5,4,4,3,3,3,4,3
8,"10382",2,4,4,4,4,4,2,4,5,4,4,3,2,4,4,4
8,"10386",4,3,5,4,3,3,2,3,4,3,4,2,3,3,3,3
8,"10389",3,3,4,3,4,3,2,2,NA,3,4,3,2,3,4,3
8,"10390",NA,NA,NA,NA,NA,NA,NA,NA,NA,NA,NA,NA,NA,NA,NA,NA
8,"10397",4,3,4,3,4,3,4,3,5,4,4,2,5,3,3,2
8,"10398",4,3,4,3,4,3,2,3,3,3,4,3,2,3,4,3
8,"10402",3,3,4,3,4,3,3,3,5,3,3,3,4,3,5,3
8,"10404",4,3,3,2,4,3,2,3,3,2,4,3,2,3,4,3
8,"10408",NA,NA,NA,NA,NA,NA,NA,NA,NA,NA,NA,NA,NA,NA,NA,NA
8,"10411",4,3,4,3,4,3,4,3,5,3,4,3,3,3,4,3
8,"10412",4,3,5,3,5,3,2,3,4,3,4,3,3,3,4,3
8,"10418",3,3,3,3,4,3,2,3,4,3,4,3,2,3,4,3
8,"10422",4,3,4,3,4,3,2,3,5,4,4,3,4,3,4,3
8,"10423",4,3,4,3,4,3,2,3,4,3,4,3,2,3,5,3
8,"10427",3,2,4,3,3,3,2,3,4,3,4,3,3,3,3,3
8,"10428",3,3,4,3,4,3,2,4,5,4,4,3,1,4,5,3
8,"10432",3,3,4,3,4,3,2,3,4,3,4,3,2,3,4,3
8,"10437",4,3,5,4,5,3,2,3,5,4,5,3,3,2,5,3
8,"10439",4,3,4,3,4,3,2,3,5,4,4,3,2,3,4,2
8,"10442",4,3,3,3,4,3,2,3,4,3,4,3,3,3,4,3
8,"10444",NA,NA,NA,NA,NA,NA,NA,NA,NA,NA,NA,NA,NA,NA,NA,NA
8,"10445",3,3,5,4,4,4,2,4,5,4,4,3,3,4,3,3
8,"10447",4,3,5,4,4,3,2,3,5,4,4,3,2,3,3,3
8,"10449",4,3,4,3,4,3,2,3,4,3,4,3,2,3,3,3
8,"10452",2,3,4,3,5,3,2,2,5,4,4,3,3,3,5,3
8,"10454",4,3,4,3,5,3,2,3,4,3,4,3,2,3,4,3
8,"10455",5,3,5,3,4,3,3,2,5,4,4,3,4,3,5,4
8,"10456",4,3,4,3,4,3,2,2,5,3,4,3,3,3,3,3
8,"10457",3,3,4,3,2,3,3,3,4,3,3,3,4,3,3,3
8,"10460",4,3,4,3,4,3,2,3,5,4,4,3,2,3,5,4
8,"10461",4,3,5,3,4,3,2,2,5,3,4,3,2,3,4,3
8,"10463",4,3,5,3,5,3,2,3,5,3,5,3,3,3,4,3
8,"10466",3,2,5,4,3,2,3,2,5,4,3,3,3,2,3,3
8,"10469",NA,NA,NA,NA,NA,NA,NA,NA,NA,NA,NA,NA,NA,NA,NA,NA
8,"10471",4,3,5,3,5,3,2,3,5,4,5,4,2,3,4,3
8,"10473",2,3,4,3,3,3,3,3,4,3,3,3,3,3,2,3
8,"10475",5,3,5,3,5,3,2,3,4,3,4,3,2,3,5,3
8,"10476",NA,NA,NA,NA,NA,NA,NA,NA,NA,NA,NA,NA,NA,NA,NA,NA
8,"10477",4,3,4,3,4,3,2,3,5,3,4,4,2,3,4,3
8,"10479",4,3,4,3,4,3,2,3,4,3,5,3,2,3,5,3
8,"10480",NA,NA,NA,NA,NA,NA,NA,NA,NA,NA,NA,NA,NA,NA,NA,NA
8,"10481",3,3,5,4,4,3,2,2,5,4,4,3,2,2,5,3
8,"10483",4,3,5,3,3,3,2,3,3,2,4,3,4,3,4,3
8,"10485",4,3,4,3,4,3,2,3,4,3,4,3,2,3,4,3
8,"10486",4,3,4,3,4,3,2,3,4,3,4,3,2,3,5,3
8,"10487",NA,NA,NA,NA,NA,NA,NA,NA,NA,NA,NA,NA,NA,NA,NA,NA
8,"10488",4,3,3,1,4,3,2,1,4,3,3,3,2,3,3,2
8,"10492",4,3,4,3,4,3,2,2,4,3,4,3,3,2,4,3
8,"10493",5,4,4,3,4,3,4,3,5,4,4,3,3,3,4,3
8,"10494",4,3,4,3,5,3,3,2,5,3,4,3,3,2,4,3
8,"10497",3,3,5,4,4,3,3,3,5,3,4,3,3,3,3,3
8,"10498",4,3,5,3,4,3,2,3,5,4,4,3,2,3,5,3
8,"10503",4,3,4,3,4,3,2,2,5,3,4,3,3,2,4,3
8,"10506",4,3,5,4,5,3,1,4,5,4,5,4,1,4,5,3
8,"10509",4,3,3,2,4,3,3,2,4,4,4,3,2,2,5,4
8,"10511",4,3,3,3,5,3,3,3,5,3,4,3,2,3,5,3
8,"10512",NA,NA,NA,NA,NA,NA,NA,NA,NA,NA,NA,NA,NA,NA,NA,NA
8,"10513",4,3,5,4,5,3,2,3,5,4,5,3,2,3,5,3
8,"10515",4,3,5,4,4,3,2,3,5,4,4,3,2,3,5,4
8,"10516",4,3,3,3,3,3,2,2,3,3,4,3,2,3,4,3
8,"10517",4,3,5,4,5,3,1,2,5,4,5,4,1,1,5,3
8,"10518",5,3,5,3,5,3,2,3,3,3,5,3,2,3,4,3
8,"10523",5,4,5,4,4,3,2,3,4,3,4,3,2,4,5,4
8,"10528",4,3,5,4,3,3,2,3,5,4,4,3,4,3,4,3
8,"10529",NA,NA,NA,NA,NA,NA,NA,NA,NA,NA,NA,NA,NA,NA,NA,NA
8,"10530",3,3,5,4,4,2,3,2,5,4,4,3,2,3,4,2
8,"10532",3,3,5,3,4,3,2,3,5,4,4,3,2,3,4,4
8,"10533",5,3,5,3,5,3,2,2,5,3,4,3,2,2,5,3
8,"10535",5,4,5,3,5,3,2,3,5,3,5,3,2,3,5,3
8,"10536",3,3,5,4,4,2,3,3,4,3,4,3,2,3,3,3
8,"10542",4,3,5,4,4,3,3,2,5,4,4,3,2,3,4,3
8,"10543",4,4,4,4,5,3,2,3,5,4,4,3,2,3,5,3
9,"1",NA,NA,NA,NA,NA,NA,NA,NA,NA,NA,NA,NA,NA,NA,NA,NA
9,"2",4,4,4,4,4,4,2,4,5,3,4,4,2,4,4,4
9,"11",NA,NA,NA,NA,NA,NA,NA,NA,NA,NA,NA,NA,NA,NA,NA,NA
9,"26",NA,NA,NA,NA,NA,NA,NA,NA,NA,NA,NA,NA,NA,NA,NA,NA
9,"47",NA,NA,NA,NA,NA,NA,NA,NA,NA,NA,NA,NA,NA,NA,NA,NA
9,"48",5,4,4,2,5,3,2,2,5,4,5,3,4,3,4,3
9,"53",NA,NA,NA,NA,NA,NA,NA,NA,NA,NA,NA,NA,NA,NA,NA,NA
9,"60",NA,NA,NA,NA,NA,NA,NA,NA,NA,NA,NA,NA,NA,NA,NA,NA
9,"61",5,4,4,3,4,2,5,1,4,2,2,2,5,3,2,3
9,"10114",NA,NA,NA,NA,NA,NA,NA,NA,NA,NA,NA,NA,NA,NA,NA,NA
9,"10127",5,3,5,3,3,2,4,2,5,4,3,2,4,3,1,4
9,"10141",4,3,4,4,4,3,2,3,5,4,4,3,3,3,3,3
9,"10150",NA,NA,NA,NA,NA,NA,NA,NA,NA,NA,NA,NA,NA,NA,NA,NA
9,"10151",2,3,3,3,4,2,2,2,4,3,4,3,2,3,4,3
9,"10153",2,2,2,3,3,3,4,2,4,3,2,3,4,3,2,3
9,"10162",NA,NA,NA,NA,NA,NA,NA,NA,NA,NA,NA,NA,NA,NA,NA,NA
9,"10172",2,3,4,3,3,3,3,2,4,3,3,2,3,3,2,3
9,"10173",3,3,3,3,4,4,2,4,4,3,4,3,2,4,4,3
9,"10187",4,3,3,2,4,3,3,2,4,3,4,2,2,3,4,3
9,"10212",2,2,4,3,4,3,2,3,4,3,3,3,3,2,3,2
9,"10215",4,2,5,3,3,3,2,3,4,3,4,2,4,2,2,2
9,"10231",5,3,4,3,5,3,2,3,5,4,4,3,2,3,3,3
9,"10244",4,3,4,3,4,3,3,2,4,3,4,3,4,3,4,2
9,"10268",2,3,3,2,3,2,4,2,5,4,3,1,5,4,2,3
9,"10269",3,3,5,4,4,3,2,4,5,4,4,3,3,3,3,4
9,"10270",5,3,4,3,4,3,3,2,4,2,4,3,2,3,4,4
9,"10274",4,3,4,3,5,3,3,2,4,3,5,3,2,3,4,3
9,"10277",4,3,4,3,4,3,3,3,5,3,4,3,3,2,4,3
9,"10286",5,4,4,3,4,1,4,1,4,3,3,2,2,3,4,2
9,"10320",4,3,5,4,3,3,3,2,5,4,4,3,2,1,2,2
9,"10326",4,3,5,3,4,3,2,3,5,3,3,3,2,2,4,4
9,"10354",3,3,4,3,3,NA,4,3,5,4,4,3,4,3,3,3
9,"10404",3,3,3,2,4,2,3,3,3,2,3,3,3,3,4,3
9,"10411",4,3,5,3,4,2,3,2,5,3,4,2,3,2,4,3
9,"10479",4,3,3,2,3,3,3,3,3,2,4,3,3,2,4,3
9,"10515",1,3,5,3,3,2,2,3,5,3,4,2,3,3,3,4
9,"10528",NA,NA,NA,NA,NA,NA,NA,NA,NA,NA,NA,NA,NA,NA,NA,NA
9,"10530",3,3,5,4,3,2,2,3,5,4,4,3,2,3,4,3
9,"10535",4,3,5,3,4,3,2,3,3,3,4,3,3,3,4,3
9,"10536",4,4,5,4,4,3,1,3,4,3,4,3,1,3,3,3
9,"10542",4,3,5,4,4,3,2,3,5,4,4,3,4,2,2,3
10,"11",4,3,3,3,4,3,4,1,2,3,4,3,1,3,5,4
10,"12",NA,NA,NA,NA,NA,NA,NA,NA,NA,NA,NA,NA,NA,NA,NA,NA
10,"19",NA,NA,NA,NA,NA,NA,NA,NA,NA,NA,NA,NA,NA,NA,NA,NA
10,"20",NA,NA,NA,NA,NA,NA,NA,NA,NA,NA,NA,NA,NA,NA,NA,NA
10,"23",NA,NA,NA,NA,NA,NA,NA,NA,NA,NA,NA,NA,NA,NA,NA,NA
10,"26",NA,NA,NA,NA,NA,NA,NA,NA,NA,NA,NA,NA,NA,NA,NA,NA
10,"44",4,3,4,3,4,3,2,3,4,3,4,3,4,3,4,3
10,"47",NA,NA,NA,NA,NA,NA,NA,NA,NA,NA,NA,NA,NA,NA,NA,NA
10,"51",NA,NA,NA,NA,NA,NA,NA,NA,NA,NA,NA,NA,NA,NA,NA,NA
10,"54",NA,NA,NA,NA,NA,NA,NA,NA,NA,NA,NA,NA,NA,NA,NA,NA
10,"56",NA,NA,NA,NA,NA,NA,NA,NA,NA,NA,NA,NA,NA,NA,NA,NA
10,"59",NA,NA,NA,NA,NA,NA,NA,NA,NA,NA,NA,NA,NA,NA,NA,NA
10,"61",NA,NA,NA,NA,NA,NA,NA,NA,NA,NA,NA,NA,NA,NA,NA,NA
10,"68",NA,NA,NA,NA,NA,NA,NA,NA,NA,NA,NA,NA,NA,NA,NA,NA
10,"69",NA,NA,NA,NA,NA,NA,NA,NA,NA,NA,NA,NA,NA,NA,NA,NA
10,"71",NA,NA,NA,NA,NA,NA,NA,NA,NA,NA,NA,NA,NA,NA,NA,NA
10,"73",NA,NA,NA,NA,NA,NA,NA,NA,NA,NA,NA,NA,NA,NA,NA,NA
10,"74",NA,NA,NA,NA,NA,NA,NA,NA,NA,NA,NA,NA,NA,NA,NA,NA
10,"86",4,3,5,3,5,3,1,3,4,3,5,3,1,3,4,3
10,"89",4,3,4,3,5,4,1,3,4,3,5,3,2,3,3,2
10,"101",NA,NA,NA,NA,NA,NA,NA,NA,NA,NA,NA,NA,NA,NA,NA,NA
10,"103",NA,NA,NA,NA,NA,NA,NA,NA,NA,NA,NA,NA,NA,NA,NA,NA
10,"104",NA,NA,NA,NA,NA,NA,NA,NA,NA,NA,NA,NA,NA,NA,NA,NA
10,"10105",NA,NA,NA,NA,NA,NA,NA,NA,NA,NA,NA,NA,NA,NA,NA,NA
10,"10107",4,3,5,3,4,3,2,2,5,3,4,3,2,2,5,3
10,"10109",NA,NA,NA,NA,NA,NA,NA,NA,NA,NA,NA,NA,NA,NA,NA,NA
10,"10112",2,2,3,3,3,3,2,3,5,3,2,2,5,3,2,2
10,"10121",5,3,5,3,4,3,2,3,4,3,5,3,1,4,5,3
10,"10124",3,3,5,3,3,3,4,2,5,3,4,3,3,2,2,3
10,"10130",4,3,5,4,4,3,2,3,4,4,4,3,3,3,3,3
10,"10131",4,3,4,4,5,3,3,3,5,4,4,3,2,3,5,3
10,"10141",4,3,5,3,4,3,2,3,3,2,4,3,3,2,3,2
10,"10144",4,3,4,3,3,3,3,2,3,3,4,2,2,2,3,2
10,"10149",4,4,4,3,5,4,2,3,4,3,4,3,4,3,4,3
10,"10150",2,3,4,3,4,3,4,3,5,4,3,3,5,4,3,3
10,"10153",3,3,3,3,3,2,3,2,5,4,4,3,4,3,3,3
10,"10160",4,3,3,3,3,3,2,3,4,3,3,3,2,3,4,3
10,"10161",4,3,4,3,3,3,3,3,4,3,4,3,3,3,4,3
10,"10171",4,3,5,3,5,3,2,3,5,3,5,3,3,2,3,3
10,"10176",NA,NA,NA,NA,NA,NA,NA,NA,NA,NA,NA,NA,NA,NA,NA,NA
10,"10199",4,4,4,4,5,4,2,3,4,3,4,4,2,4,5,3
10,"10204",3,NA,4,3,3,2,3,2,4,3,3,3,3,2,4,3
10,"10212",NA,NA,NA,NA,NA,NA,NA,NA,NA,NA,NA,NA,NA,NA,NA,NA
10,"10215",4,2,3,2,5,3,2,3,5,4,4,3,3,2,4,3
10,"10219",4,3,4,3,3,3,2,3,4,3,3,3,4,2,4,3
10,"10231",4,4,4,3,5,3,2,3,5,4,4,3,1,3,5,4
10,"10232",5,4,5,3,4,3,2,2,2,1,4,2,4,3,4,3
10,"10239",4,3,3,3,4,3,3,2,5,3,3,3,3,2,4,3
10,"10243",3,3,5,3,3,2,4,3,4,3,3,2,3,3,3,2
10,"10247",4,3,4,3,2,3,3,3,5,3,3,3,2,3,4,3
10,"10267",NA,NA,NA,NA,NA,NA,NA,NA,NA,NA,NA,NA,NA,NA,NA,NA
10,"10270",5,3,5,3,5,3,2,3,4,3,5,3,2,3,4,3
10,"10289",3,3,4,3,4,3,2,3,4,3,4,3,2,3,3,3
10,"10293",5,3,5,3,4,3,2,3,5,3,4,3,1,3,4,3
10,"10299",1,3,3,2,3,2,4,2,4,3,3,2,2,3,4,3
10,"10301",4,3,5,4,5,3,2,3,5,3,4,3,2,3,4,3
10,"10312",4,3,2,2,4,3,2,3,3,3,4,3,2,3,5,3
10,"10313",NA,NA,NA,NA,NA,NA,NA,NA,NA,NA,NA,NA,NA,NA,NA,NA
10,"10314",5,3,5,3,5,3,2,3,5,4,5,4,2,2,5,4
10,"10316",4,2,4,3,3,1,4,1,4,2,4,3,4,2,4,3
10,"10318",2,3,5,3,4,3,2,2,4,3,4,3,4,3,4,3
10,"10329",NA,NA,NA,NA,NA,NA,NA,NA,NA,NA,NA,NA,NA,NA,NA,NA
10,"10345",4,3,4,3,4,3,2,2,4,3,4,3,3,2,4,3
10,"10349",4,3,4,3,4,3,2,3,5,3,NA,NA,NA,NA,NA,NA
10,"10350",4,3,5,4,5,3,3,2,4,4,5,4,3,2,5,3
10,"10351",4,3,4,3,3,2,3,2,3,2,3,2,3,3,3,2
10,"10353",5,3,4,2,4,3,2,1,3,3,4,3,2,3,5,4
10,"10359",4,3,3,3,3,3,2,3,5,3,3,3,1,3,4,3
10,"10360",NA,NA,NA,NA,NA,NA,NA,NA,NA,NA,NA,NA,NA,NA,NA,NA
10,"10363",2,3,3,3,4,3,2,3,4,3,3,3,3,3,4,3
10,"10364",NA,NA,NA,NA,NA,NA,NA,NA,NA,NA,NA,NA,NA,NA,NA,NA
10,"10370",4,3,5,4,4,3,2,4,5,4,5,4,1,4,5,4
10,"10381",5,4,4,3,5,3,1,3,5,4,5,3,2,3,4,3
10,"10382",3,3,4,3,5,3,2,3,5,3,4,4,2,3,2,3
10,"10383",NA,NA,NA,NA,NA,NA,NA,NA,NA,NA,NA,NA,NA,NA,NA,NA
10,"10386",5,3,5,3,3,2,3,3,3,2,2,1,2,1,3,3
10,"10390",NA,NA,NA,NA,NA,NA,NA,NA,NA,NA,NA,NA,NA,NA,NA,NA
10,"10391",3,3,3,2,4,3,3,2,4,4,4,3,3,2,2,2
10,"10414",NA,NA,NA,NA,NA,NA,NA,NA,NA,NA,NA,NA,NA,NA,NA,NA
10,"10429",3,3,5,4,3,3,4,3,5,4,4,3,4,3,4,3
10,"10432",1,3,3,2,4,3,4,2,5,3,4,3,4,3,5,4
10,"10436",4,3,3,2,3,3,2,3,4,3,4,3,3,3,3,3
10,"10438",2,2,4,3,3,3,4,3,4,3,2,3,5,3,3,3
10,"10444",5,4,2,2,3,3,4,3,2,3,4,3,1,3,5,3
10,"10445",3,3,5,4,4,3,3,2,5,4,4,3,4,3,2,3
10,"10450",3,3,4,4,4,3,2,3,4,3,4,3,3,3,4,3
10,"10452",3,3,5,3,4,3,2,4,5,3,4,3,2,3,5,3
10,"10457",2,3,4,3,3,2,3,2,4,3,3,3,4,3,2,3
10,"10459",4,1,3,2,4,2,4,3,4,3,3,3,4,3,3,2
10,"10460",4,3,4,3,4,3,2,2,4,3,4,3,3,2,3,2
10,"10462",NA,NA,NA,NA,NA,NA,NA,NA,NA,NA,NA,NA,NA,NA,NA,NA
10,"10466",4,3,4,3,4,2,4,2,4,3,3,2,4,2,2,3
10,"10470",4,3,5,4,5,3,2,3,4,3,5,3,2,3,5,3
10,"10473",NA,NA,NA,NA,NA,NA,NA,NA,NA,NA,NA,NA,NA,NA,NA,NA
10,"10476",4,3,3,3,3,2,2,1,4,3,4,3,3,2,5,3
10,"10477",3,3,4,4,3,3,3,3,4,3,4,3,3,3,4,3
10,"10487",4,3,4,3,4,2,3,2,4,3,4,3,4,3,5,4
10,"10498",4,3,3,3,4,3,2,2,5,4,4,4,2,3,5,4
10,"10500",1,3,2,3,2,3,4,3,4,3,3,3,4,3,2,3
10,"10503",NA,NA,NA,NA,NA,NA,NA,NA,NA,NA,NA,NA,NA,NA,NA,NA
10,"10508",5,3,4,3,5,3,2,3,4,3,5,3,1,3,5,3
10,"10510",4,2,5,4,4,3,4,3,4,3,3,3,4,3,3,3
10,"10512",3,3,3,3,3,3,2,3,3,3,3,3,2,3,3,3
10,"10513",NA,NA,NA,NA,NA,NA,NA,NA,NA,NA,NA,NA,NA,NA,NA,NA
10,"10515",NA,NA,NA,NA,NA,NA,NA,NA,NA,NA,NA,NA,NA,NA,NA,NA
10,"10523",4,3,5,4,4,3,2,3,4,4,4,4,2,3,4,3
10,"10525",4,3,4,3,4,3,2,2,3,3,5,3,2,2,4,3
10,"10528",5,3,5,3,3,1,2,1,4,3,4,3,3,3,4,3
10,"10530",3,2,5,4,5,4,2,4,5,4,5,3,1,4,4,3
10,"10535",4,3,4,3,4,3,2,3,5,3,4,3,2,3,4,3
10,"10538",4,3,3,2,3,3,2,3,2,3,4,3,4,3,2,3
